ride_id,timestamp,pickup_location,fare_amount,driver_rating,ride_status,hour_of_day
277dc2ab,2026-05-27 11:31:26.142206,Mumbai_Thane,509.55,1.0,COMPLETED,11
e0db8ef4,2026-05-27 11:58:14.144225,Mumbai_Bandra,360.35,4.0,COMPLETED,11
eea0f7cc,2026-05-27 11:30:05.144267,Mumbai_Colaba,278.93,2.0,CANCELLED,11
fe92c291,2026-05-27 12:11:49.144278,Mumbai_Bandra,531.39,5.0,COMPLETED,12
0080992a,2026-05-27 12:10:38.144285,Mumbai_Thane,1354.2,5.0,NO_DRIVER_AVAILABLE,12
790ab81b,2026-05-27 11:27:16.144293,Mumbai_Andheri,435.86,5.0,COMPLETED,11
a09c3985,2026-05-27 11:35:24.144299,Mumbai_Thane,298.44,4.0,CANCELLED,11
c1d10f93,2026-05-27 12:23:40.144306,Mumbai_Andheri,1366.98,4.0,COMPLETED,12
246d0032,2026-05-27 11:31:38.144313,Mumbai_Colaba,630.75,5.0,COMPLETED,11
1385d0c0,2026-05-27 11:36:03.144320,Mumbai_Colaba,133.3,4.0,CANCELLED,11
022669d3,2026-05-27 11:51:39.144326,Mumbai_Colaba,687.68,5.0,COMPLETED,11
7c7b2ec1,2026-05-27 11:51:10.144339,Mumbai_Thane,317.76,5.0,COMPLETED,11
14bb8c4d,2026-05-27 12:23:29.144352,Mumbai_Andheri,781.99,4.0,COMPLETED,12
cde76fbb,2026-05-27 12:09:46.144358,Mumbai_Colaba,355.43,2.0,COMPLETED,12
87de352d,2026-05-27 12:06:30.144365,Mumbai_Andheri,796.23,3.0,COMPLETED,12
bc06e703,2026-05-27 11:28:29.144371,Mumbai_Colaba,659.96,3.0,CANCELLED,11
6566ceee,2026-05-27 12:12:50.144378,Mumbai_Colaba,1299.47,3.0,COMPLETED,12
c2d14246,2026-05-27 11:37:09.144384,Mumbai_Bandra,226.28,4.0,CANCELLED,11
3a88166c,2026-05-27 11:33:33.144390,Mumbai_Colaba,1267.66,5.0,CANCELLED,11
e824ee30,2026-05-27 11:55:33.144404,Mumbai_Colaba,1159.33,4.0,COMPLETED,11
15c654ad,2026-05-27 11:31:41.144412,Mumbai_Bandra,1121.88,5.0,COMPLETED,11
c9acea09,2026-05-27 11:31:17.144418,Mumbai_Colaba,801.89,5.0,CANCELLED,11
db977ba5,2026-05-27 11:34:47.144425,Mumbai_Colaba,1156.27,3.0,COMPLETED,11
640af8e6,2026-05-27 11:47:43.144431,Mumbai_Colaba,787.24,4.0,COMPLETED,11
bb75038c,2026-05-27 11:26:08.144438,Mumbai_Colaba,299.28,5.0,CANCELLED,11
e5d073c7,2026-05-27 11:40:25.144444,Mumbai_Colaba,837.16,5.0,COMPLETED,11
0ed19cb8,2026-05-27 11:27:06.144450,Mumbai_Bandra,147.75,2.0,COMPLETED,11
06f89e76,2026-05-27 12:15:00.144457,Mumbai_Andheri,899.29,5.0,COMPLETED,12
67caedf6,2026-05-27 11:53:45.144463,Mumbai_Bandra,898.12,3.0,NO_DRIVER_AVAILABLE,11
68003a24,2026-05-27 11:26:04.144469,Mumbai_Thane,1026.35,5.0,COMPLETED,11
67dc5132,2026-05-27 11:57:38.144475,Mumbai_Andheri,974.02,1.0,COMPLETED,11
03a10780,2026-05-27 12:18:09.144482,Mumbai_Bandra,632.09,4.0,COMPLETED,12
cbf07be0,2026-05-27 12:22:18.144488,Mumbai_Andheri,844.21,5.0,CANCELLED,12
8224bd8e,2026-05-27 12:21:24.144494,Mumbai_Andheri,1235.28,1.0,COMPLETED,12
dd2e77c7,2026-05-27 12:03:05.144500,Mumbai_Andheri,145.75,5.0,COMPLETED,12
5b0b4045,2026-05-27 12:04:37.144507,Mumbai_Thane,482.27,5.0,CANCELLED,12
8483e762,2026-05-27 11:29:03.144513,Mumbai_Bandra,364.3,4.0,COMPLETED,11
a03a3350,2026-05-27 11:40:28.144519,Mumbai_Andheri,899.9,4.0,CANCELLED,11
668520f7,2026-05-27 11:39:36.144525,Mumbai_Thane,440.37,5.0,COMPLETED,11
a054b19d,2026-05-27 12:07:18.144532,Mumbai_Bandra,753.82,5.0,COMPLETED,12
8f3c6dd0,2026-05-27 11:53:15.144538,Mumbai_Bandra,1299.02,5.0,COMPLETED,11
08df0333,2026-05-27 12:00:05.144544,Mumbai_Bandra,1063.61,4.0,COMPLETED,12
685438af,2026-05-27 11:54:18.144550,Mumbai_Colaba,209.09,4.0,COMPLETED,11
17e12859,2026-05-27 12:01:10.144557,Mumbai_Thane,645.18,4.0,COMPLETED,12
cf953bc2,2026-05-27 11:36:21.144563,Mumbai_Bandra,1426.02,4.0,COMPLETED,11
7734e588,2026-05-27 11:32:24.144569,Mumbai_Colaba,965.84,5.0,COMPLETED,11
afb8621a,2026-05-27 11:48:05.144575,Mumbai_Thane,1465.83,1.0,COMPLETED,11
0362d585,2026-05-27 12:23:11.144581,Mumbai_Colaba,1419.14,3.0,COMPLETED,12
89797d53,2026-05-27 11:28:13.144587,Mumbai_Andheri,820.21,5.0,COMPLETED,11
4d00c6a3,2026-05-27 11:39:59.144593,Mumbai_Colaba,1294.67,4.0,COMPLETED,11
8e0c2a3a,2026-05-27 11:27:33.144600,Mumbai_Andheri,306.72,5.0,COMPLETED,11
6bca28f8,2026-05-27 12:15:52.144606,Mumbai_Thane,388.94,4.0,COMPLETED,12
0f270b40,2026-05-27 12:17:02.144613,Mumbai_Thane,788.22,4.0,COMPLETED,12
3a9af70c,2026-05-27 12:03:45.144619,Mumbai_Bandra,934.85,4.0,COMPLETED,12
e18fc66a,2026-05-27 11:44:23.144625,Mumbai_Andheri,1332.85,4.0,CANCELLED,11
4d8d4108,2026-05-27 11:30:14.144631,Mumbai_Bandra,370.2,5.0,COMPLETED,11
617b1206,2026-05-27 12:01:13.144638,Mumbai_Bandra,367.88,4.0,COMPLETED,12
7e84ad0c,2026-05-27 11:36:32.144644,Mumbai_Colaba,1491.0,5.0,CANCELLED,11
3197eecc,2026-05-27 11:31:43.144650,Mumbai_Colaba,994.54,1.0,COMPLETED,11
36288134,2026-05-27 12:24:29.144656,Mumbai_Colaba,281.74,4.0,COMPLETED,12
7eb0fb9e,2026-05-27 12:01:02.144662,Mumbai_Thane,832.65,2.0,COMPLETED,12
8355f9c6,2026-05-27 11:39:14.144669,Mumbai_Thane,436.31,5.0,CANCELLED,11
7528c3d7,2026-05-27 12:11:19.144675,Mumbai_Andheri,316.84,3.0,CANCELLED,12
4ccea0e6,2026-05-27 12:24:00.144684,Mumbai_Thane,1456.48,4.0,NO_DRIVER_AVAILABLE,12
5d2edcff,2026-05-27 12:10:29.144691,Mumbai_Bandra,103.16,4.0,COMPLETED,12
170937f4,2026-05-27 12:25:33.144697,Mumbai_Thane,347.68,5.0,CANCELLED,12
a0e24611,2026-05-27 11:37:35.144703,Mumbai_Thane,595.21,1.0,CANCELLED,11
2dc849ad,2026-05-27 12:11:15.144710,Mumbai_Andheri,128.64,5.0,COMPLETED,12
b572a2d1,2026-05-27 11:35:28.144716,Mumbai_Thane,1427.21,4.0,COMPLETED,11
a7b6ad39,2026-05-27 11:56:14.144722,Mumbai_Bandra,1122.6,5.0,COMPLETED,11
89232fb2,2026-05-27 11:49:59.144728,Mumbai_Bandra,409.28,5.0,COMPLETED,11
6871297a,2026-05-27 11:51:25.144734,Mumbai_Colaba,906.24,5.0,COMPLETED,11
072b187b,2026-05-27 11:42:24.144741,Mumbai_Colaba,1065.74,4.0,CANCELLED,11
9d58abfc,2026-05-27 11:48:49.144747,Mumbai_Andheri,331.04,5.0,COMPLETED,11
256461a0,2026-05-27 11:45:26.144753,Mumbai_Thane,1453.35,1.0,COMPLETED,11
1c865398,2026-05-27 12:18:59.144762,Mumbai_Colaba,325.8,5.0,COMPLETED,12
cd85bb91,2026-05-27 12:06:17.144769,Mumbai_Bandra,715.93,4.0,CANCELLED,12
c0bd38f5,2026-05-27 11:25:53.144775,Mumbai_Bandra,727.05,4.0,COMPLETED,11
734ad6fb,2026-05-27 12:14:22.144782,Mumbai_Thane,738.02,5.0,NO_DRIVER_AVAILABLE,12
d3f559b9,2026-05-27 12:19:32.144788,Mumbai_Bandra,258.81,5.0,COMPLETED,12
aa13883f,2026-05-27 11:36:25.144794,Mumbai_Bandra,1187.3,4.0,COMPLETED,11
8043228b,2026-05-27 12:05:57.144800,Mumbai_Thane,1499.5,4.0,CANCELLED,12
5416a8ca,2026-05-27 12:18:20.144806,Mumbai_Andheri,422.01,4.0,COMPLETED,12
5961291a,2026-05-27 11:39:37.144813,Mumbai_Bandra,449.67,4.0,CANCELLED,11
a17d8439,2026-05-27 11:33:10.144819,Mumbai_Colaba,808.06,5.0,COMPLETED,11
da3e67df,2026-05-27 11:59:42.144825,Mumbai_Colaba,509.47,5.0,CANCELLED,11
89578c7c,2026-05-27 12:24:47.144831,Mumbai_Bandra,310.41,5.0,COMPLETED,12
3fe30e1e,2026-05-27 12:23:16.144838,Mumbai_Thane,167.41,5.0,COMPLETED,12
f86cc44e,2026-05-27 11:59:08.144844,Mumbai_Bandra,267.23,5.0,COMPLETED,11
6fb840c1,2026-05-27 12:13:13.144850,Mumbai_Bandra,1065.57,5.0,COMPLETED,12
fc242267,2026-05-27 11:26:21.144856,Mumbai_Andheri,1079.75,4.0,COMPLETED,11
46f8e183,2026-05-27 12:25:44.144863,Mumbai_Bandra,192.36,5.0,COMPLETED,12
bd7613ca,2026-05-27 12:21:01.144870,Mumbai_Thane,981.12,3.0,COMPLETED,12
40ff23ee,2026-05-27 12:22:13.144876,Mumbai_Andheri,765.47,5.0,COMPLETED,12
68adf605,2026-05-27 11:31:51.144882,Mumbai_Bandra,583.78,5.0,COMPLETED,11
2ae24dcf,2026-05-27 12:24:53.144889,Mumbai_Bandra,1172.42,4.0,COMPLETED,12
c78511ec,2026-05-27 11:59:53.144895,Mumbai_Andheri,999.34,3.0,COMPLETED,11
e4d506d6,2026-05-27 11:49:08.144901,Mumbai_Colaba,1422.77,5.0,NO_DRIVER_AVAILABLE,11
7e57c980,2026-05-27 12:16:08.144907,Mumbai_Bandra,260.81,4.0,COMPLETED,12
964afe40,2026-05-27 11:27:14.144913,Mumbai_Andheri,133.68,5.0,COMPLETED,11
eea38cd9,2026-05-27 11:31:06.144920,Mumbai_Andheri,254.66,5.0,COMPLETED,11
afb85d05,2026-05-27 11:44:37.144926,Mumbai_Andheri,1352.54,5.0,CANCELLED,11
dd1fc1fd,2026-05-27 11:40:05.144932,Mumbai_Thane,205.29,5.0,COMPLETED,11
3076ca54,2026-05-27 11:51:28.144938,Mumbai_Thane,388.23,2.0,COMPLETED,11
9354a6e1,2026-05-27 11:38:18.144945,Mumbai_Thane,1197.65,5.0,COMPLETED,11
1ebb281c,2026-05-27 11:54:30.144955,Mumbai_Bandra,173.84,5.0,COMPLETED,11
65e0c474,2026-05-27 11:42:59.144964,Mumbai_Bandra,196.36,4.0,CANCELLED,11
bd0a6b70,2026-05-27 11:46:20.144972,Mumbai_Thane,1045.43,4.0,COMPLETED,11
93489928,2026-05-27 11:32:23.144979,Mumbai_Colaba,1078.0,3.0,CANCELLED,11
813c58b4,2026-05-27 11:39:47.144985,Mumbai_Andheri,1046.56,1.0,COMPLETED,11
23d45a32,2026-05-27 11:44:59.144992,Mumbai_Bandra,383.76,5.0,CANCELLED,11
c77fbf92,2026-05-27 11:42:08.144998,Mumbai_Colaba,1292.2,5.0,COMPLETED,11
4192bfe9,2026-05-27 11:53:26.145004,Mumbai_Andheri,852.12,5.0,NO_DRIVER_AVAILABLE,11
ff29074d,2026-05-27 11:40:56.145010,Mumbai_Bandra,1234.52,5.0,COMPLETED,11
bd0b9d8c,2026-05-27 11:54:28.145017,Mumbai_Andheri,1345.63,4.0,COMPLETED,11
5197cd40,2026-05-27 11:51:53.145023,Mumbai_Thane,630.33,4.0,CANCELLED,11
4c65e847,2026-05-27 12:18:29.145029,Mumbai_Andheri,1485.29,5.0,COMPLETED,12
a95b4665,2026-05-27 11:26:25.145035,Mumbai_Bandra,735.5,3.0,COMPLETED,11
8f701d29,2026-05-27 12:19:16.145042,Mumbai_Colaba,140.94,5.0,COMPLETED,12
11c2df9b,2026-05-27 11:52:54.145048,Mumbai_Bandra,1384.34,5.0,COMPLETED,11
7053ef43,2026-05-27 11:36:25.145054,Mumbai_Thane,1487.65,3.0,CANCELLED,11
44b31ae8,2026-05-27 11:51:21.145060,Mumbai_Bandra,702.8,2.0,COMPLETED,11
714c1b41,2026-05-27 11:47:22.145067,Mumbai_Thane,1349.32,4.0,COMPLETED,11
661f97be,2026-05-27 11:47:43.145073,Mumbai_Thane,1245.28,5.0,COMPLETED,11
86cb0d67,2026-05-27 11:30:06.145079,Mumbai_Colaba,1072.66,5.0,COMPLETED,11
cf09bcce,2026-05-27 11:44:36.145085,Mumbai_Andheri,1259.51,5.0,COMPLETED,11
615aa190,2026-05-27 11:40:37.145091,Mumbai_Colaba,607.01,4.0,COMPLETED,11
faeb7115,2026-05-27 12:25:09.145099,Mumbai_Bandra,1083.47,4.0,CANCELLED,12
b8512e2a,2026-05-27 12:13:21.145105,Mumbai_Bandra,987.73,5.0,COMPLETED,12
635e9664,2026-05-27 12:10:14.145112,Mumbai_Thane,833.89,4.0,NO_DRIVER_AVAILABLE,12
4e77e20f,2026-05-27 11:30:58.145119,Mumbai_Thane,829.62,4.0,COMPLETED,11
51bfe427,2026-05-27 12:05:00.145125,Mumbai_Andheri,884.82,5.0,CANCELLED,12
51fe4a79,2026-05-27 11:59:05.145131,Mumbai_Colaba,976.67,4.0,COMPLETED,11
0003e682,2026-05-27 11:29:39.145137,Mumbai_Colaba,1333.84,1.0,NO_DRIVER_AVAILABLE,11
1fa9f359,2026-05-27 12:06:47.145143,Mumbai_Bandra,368.96,4.0,COMPLETED,12
18f5dcfe,2026-05-27 12:20:59.145150,Mumbai_Bandra,446.45,5.0,COMPLETED,12
7c1a5ce8,2026-05-27 11:47:26.145156,Mumbai_Colaba,1064.39,5.0,CANCELLED,11
dbd29010,2026-05-27 11:52:04.145162,Mumbai_Andheri,1112.46,5.0,NO_DRIVER_AVAILABLE,11
173fb304,2026-05-27 11:27:14.145168,Mumbai_Thane,297.25,2.0,CANCELLED,11
7a50b984,2026-05-27 11:45:17.145174,Mumbai_Thane,954.83,5.0,COMPLETED,11
3799a448,2026-05-27 12:13:59.145180,Mumbai_Thane,894.44,5.0,NO_DRIVER_AVAILABLE,12
8ccf4894,2026-05-27 11:57:29.145187,Mumbai_Andheri,617.71,3.0,COMPLETED,11
6f7e78e1,2026-05-27 11:58:36.145193,Mumbai_Bandra,323.32,4.0,COMPLETED,11
5c036484,2026-05-27 12:11:24.145199,Mumbai_Andheri,686.82,4.0,COMPLETED,12
17f3fb56,2026-05-27 11:42:06.145205,Mumbai_Thane,335.2,1.0,COMPLETED,11
fcfdc093,2026-05-27 12:23:16.145211,Mumbai_Andheri,626.46,5.0,COMPLETED,12
3a2f2ac1,2026-05-27 11:58:35.145217,Mumbai_Bandra,996.0,4.0,COMPLETED,11
36aab8a8,2026-05-27 12:23:29.145224,Mumbai_Colaba,1379.96,3.0,NO_DRIVER_AVAILABLE,12
8abfe05a,2026-05-27 11:34:13.145230,Mumbai_Andheri,731.84,4.0,COMPLETED,11
678309d2,2026-05-27 11:34:17.145236,Mumbai_Andheri,1417.43,5.0,COMPLETED,11
05b7792c,2026-05-27 11:29:05.145242,Mumbai_Colaba,1430.15,3.0,CANCELLED,11
bc421672,2026-05-27 12:19:51.145248,Mumbai_Thane,360.11,3.0,COMPLETED,12
bdc11b1a,2026-05-27 11:33:06.145254,Mumbai_Andheri,518.18,5.0,COMPLETED,11
fb765e96,2026-05-27 12:00:17.145261,Mumbai_Andheri,622.98,4.0,CANCELLED,12
ded40916,2026-05-27 11:53:40.145267,Mumbai_Colaba,165.98,3.0,COMPLETED,11
7ab95bb8,2026-05-27 11:46:28.145273,Mumbai_Andheri,758.56,5.0,COMPLETED,11
87a822ae,2026-05-27 12:03:34.145279,Mumbai_Bandra,1230.95,3.0,CANCELLED,12
06e7294c,2026-05-27 11:52:41.145285,Mumbai_Colaba,820.76,5.0,COMPLETED,11
cb23f2ab,2026-05-27 11:53:57.145292,Mumbai_Thane,1255.14,5.0,COMPLETED,11
81d6448d,2026-05-27 11:56:19.145298,Mumbai_Bandra,1049.5,4.0,COMPLETED,11
f79d2882,2026-05-27 11:58:37.145304,Mumbai_Colaba,1054.81,5.0,COMPLETED,11
18af702f,2026-05-27 11:49:40.145310,Mumbai_Andheri,226.41,4.0,NO_DRIVER_AVAILABLE,11
a2af695e,2026-05-27 11:31:48.145316,Mumbai_Andheri,879.17,5.0,NO_DRIVER_AVAILABLE,11
274d529f,2026-05-27 12:18:34.145323,Mumbai_Colaba,423.5,3.0,COMPLETED,12
cde773d9,2026-05-27 12:21:19.145329,Mumbai_Andheri,982.73,4.0,COMPLETED,12
f2afe2eb,2026-05-27 11:58:23.145335,Mumbai_Andheri,1420.95,1.0,COMPLETED,11
8678fadb,2026-05-27 11:53:02.145341,Mumbai_Thane,1252.71,4.0,COMPLETED,11
d4f047f1,2026-05-27 11:39:22.145347,Mumbai_Thane,1078.69,5.0,COMPLETED,11
733de541,2026-05-27 11:49:19.145353,Mumbai_Thane,378.23,4.0,COMPLETED,11
b758813a,2026-05-27 11:43:16.145365,Mumbai_Colaba,240.0,4.0,CANCELLED,11
d44a048f,2026-05-27 11:36:10.145372,Mumbai_Bandra,548.09,5.0,COMPLETED,11
5af76214,2026-05-27 11:48:20.145379,Mumbai_Andheri,222.33,5.0,CANCELLED,11
0aa997be,2026-05-27 12:10:46.145385,Mumbai_Bandra,667.76,4.0,COMPLETED,12
23899b06,2026-05-27 12:10:43.145391,Mumbai_Colaba,686.1,5.0,COMPLETED,12
ff945cd1,2026-05-27 12:10:08.145397,Mumbai_Thane,337.83,4.0,NO_DRIVER_AVAILABLE,12
30558d69,2026-05-27 11:30:25.145403,Mumbai_Thane,185.25,4.0,COMPLETED,11
728cab4c,2026-05-27 11:58:19.145409,Mumbai_Thane,1467.08,4.0,COMPLETED,11
85101c4e,2026-05-27 12:03:33.145416,Mumbai_Andheri,1418.92,3.0,COMPLETED,12
918a01d8,2026-05-27 11:40:29.145422,Mumbai_Thane,666.92,1.0,COMPLETED,11
00732c64,2026-05-27 11:27:48.145428,Mumbai_Thane,713.95,4.0,CANCELLED,11
7513d332,2026-05-27 12:13:40.145434,Mumbai_Thane,235.2,5.0,COMPLETED,12
9d9a0bf1,2026-05-27 11:36:08.145441,Mumbai_Andheri,210.78,5.0,COMPLETED,11
a6da94a9,2026-05-27 12:08:30.145447,Mumbai_Colaba,947.45,4.0,CANCELLED,12
dbdd4e88,2026-05-27 12:15:08.145453,Mumbai_Andheri,469.51,1.0,COMPLETED,12
c33fcc1a,2026-05-27 11:38:21.145459,Mumbai_Thane,885.41,4.0,COMPLETED,11
d42a8e74,2026-05-27 11:51:47.145465,Mumbai_Colaba,1483.87,4.0,COMPLETED,11
cf1a82f9,2026-05-27 12:06:33.145471,Mumbai_Thane,373.86,4.0,COMPLETED,12
8de6a1af,2026-05-27 12:11:52.145478,Mumbai_Thane,1252.83,4.0,COMPLETED,12
f46eba2e,2026-05-27 12:14:49.145487,Mumbai_Andheri,1290.43,5.0,COMPLETED,12
f551da69,2026-05-27 11:40:01.145494,Mumbai_Thane,814.81,5.0,COMPLETED,11
16b6bc46,2026-05-27 12:04:47.145500,Mumbai_Thane,1200.87,5.0,COMPLETED,12
40bdbfb1,2026-05-27 12:22:57.145506,Mumbai_Bandra,1005.53,4.0,COMPLETED,12
bb364eef,2026-05-27 11:34:11.145512,Mumbai_Colaba,415.28,4.0,CANCELLED,11
f3760c1e,2026-05-27 12:05:36.145519,Mumbai_Colaba,109.25,5.0,COMPLETED,12
535ca790,2026-05-27 12:18:11.145525,Mumbai_Thane,1498.78,1.0,NO_DRIVER_AVAILABLE,12
ee7e5d6a,2026-05-27 11:54:01.145531,Mumbai_Colaba,1286.55,4.0,COMPLETED,11
cbfc58f6,2026-05-27 11:31:16.145537,Mumbai_Colaba,1322.95,4.0,COMPLETED,11
085dc02f,2026-05-27 12:21:56.145544,Mumbai_Colaba,279.9,4.0,COMPLETED,12
e412a2f8,2026-05-27 11:42:19.145550,Mumbai_Bandra,610.55,4.0,COMPLETED,11
5b84dfb2,2026-05-27 12:00:58.145557,Mumbai_Thane,1397.69,4.0,COMPLETED,12
1ff04609,2026-05-27 11:57:47.145563,Mumbai_Colaba,320.03,4.0,COMPLETED,11
59cf32d8,2026-05-27 11:58:20.145569,Mumbai_Bandra,1142.8,3.0,NO_DRIVER_AVAILABLE,11
dba4e191,2026-05-27 11:57:54.145575,Mumbai_Andheri,1181.52,4.0,COMPLETED,11
ff25b1bb,2026-05-27 11:33:08.145582,Mumbai_Colaba,236.15,1.0,COMPLETED,11
5e8db060,2026-05-27 12:23:07.145588,Mumbai_Bandra,300.41,3.0,COMPLETED,12
e74f2d06,2026-05-27 12:07:31.145594,Mumbai_Thane,288.27,4.0,CANCELLED,12
c58e302c,2026-05-27 11:29:13.145600,Mumbai_Colaba,898.88,3.0,CANCELLED,11
6ed5a5f5,2026-05-27 11:39:10.145607,Mumbai_Bandra,748.86,2.0,NO_DRIVER_AVAILABLE,11
a290e3d5,2026-05-27 11:40:00.145613,Mumbai_Thane,1036.47,5.0,NO_DRIVER_AVAILABLE,11
b44c53d7,2026-05-27 11:56:29.145619,Mumbai_Thane,1046.88,4.0,COMPLETED,11
0822bde9,2026-05-27 12:15:41.145625,Mumbai_Colaba,1457.08,5.0,COMPLETED,12
4dfa578b,2026-05-27 11:39:18.145631,Mumbai_Bandra,438.4,5.0,COMPLETED,11
0fef71b5,2026-05-27 12:02:07.145637,Mumbai_Bandra,1103.71,3.0,CANCELLED,12
1fe0e91e,2026-05-27 12:15:03.145644,Mumbai_Thane,425.53,4.0,NO_DRIVER_AVAILABLE,12
f95d44c4,2026-05-27 11:53:39.145650,Mumbai_Thane,429.3,5.0,NO_DRIVER_AVAILABLE,11
d20191ac,2026-05-27 11:39:35.145656,Mumbai_Andheri,1266.86,3.0,COMPLETED,11
a493ab35,2026-05-27 11:58:35.145662,Mumbai_Andheri,505.41,5.0,COMPLETED,11
34392899,2026-05-27 12:08:17.145669,Mumbai_Andheri,1483.87,4.0,CANCELLED,12
829caac4,2026-05-27 12:18:07.145675,Mumbai_Bandra,274.49,4.0,CANCELLED,12
ca7a1630,2026-05-27 11:48:17.145681,Mumbai_Bandra,727.67,3.0,CANCELLED,11
40061a15,2026-05-27 12:06:04.145687,Mumbai_Bandra,652.96,5.0,COMPLETED,12
3f787d49,2026-05-27 11:42:34.145693,Mumbai_Colaba,1008.06,5.0,CANCELLED,11
2ef98164,2026-05-27 11:49:47.145699,Mumbai_Colaba,1042.94,2.0,NO_DRIVER_AVAILABLE,11
fff63846,2026-05-27 12:00:28.145706,Mumbai_Bandra,1339.7,1.0,COMPLETED,12
226b5417,2026-05-27 12:25:23.145712,Mumbai_Bandra,729.34,4.0,COMPLETED,12
6fa986c4,2026-05-27 11:57:38.145718,Mumbai_Bandra,1158.56,5.0,COMPLETED,11
eba92aa4,2026-05-27 12:23:30.145724,Mumbai_Colaba,1175.52,5.0,COMPLETED,12
4c89badd,2026-05-27 12:03:39.145730,Mumbai_Andheri,1272.82,3.0,CANCELLED,12
4ddef31c,2026-05-27 11:39:39.145737,Mumbai_Bandra,1192.66,4.0,NO_DRIVER_AVAILABLE,11
ee5614bd,2026-05-27 12:04:41.145743,Mumbai_Thane,777.86,4.0,COMPLETED,12
24d36cb1,2026-05-27 12:08:01.145750,Mumbai_Andheri,1151.19,4.0,COMPLETED,12
977c25fd,2026-05-27 11:47:25.145756,Mumbai_Andheri,1314.51,3.0,CANCELLED,11
0c1c02ac,2026-05-27 12:09:53.145763,Mumbai_Bandra,533.17,5.0,COMPLETED,12
adb109ee,2026-05-27 12:24:04.145769,Mumbai_Andheri,985.57,4.0,COMPLETED,12
ff39691c,2026-05-27 12:05:33.145775,Mumbai_Thane,1074.27,4.0,CANCELLED,12
6e9ab2fa,2026-05-27 12:08:26.145781,Mumbai_Andheri,1068.62,3.0,COMPLETED,12
36c736fc,2026-05-27 12:01:51.145787,Mumbai_Colaba,351.17,5.0,COMPLETED,12
58114c39,2026-05-27 11:32:42.145793,Mumbai_Bandra,1230.4,5.0,COMPLETED,11
8ebf3d07,2026-05-27 12:05:14.145800,Mumbai_Thane,831.62,5.0,COMPLETED,12
959e457a,2026-05-27 12:17:04.145806,Mumbai_Bandra,1380.01,5.0,COMPLETED,12
16035015,2026-05-27 12:17:04.145812,Mumbai_Thane,104.08,4.0,COMPLETED,12
40c3eb3a,2026-05-27 11:37:16.145818,Mumbai_Bandra,1407.81,4.0,COMPLETED,11
6013afc2,2026-05-27 11:59:52.145825,Mumbai_Bandra,263.66,5.0,COMPLETED,11
645ddbf4,2026-05-27 11:55:01.145831,Mumbai_Andheri,1158.15,3.0,COMPLETED,11
cfdf40fb,2026-05-27 12:14:50.145837,Mumbai_Andheri,1297.88,2.0,CANCELLED,12
ee874101,2026-05-27 12:03:56.145843,Mumbai_Andheri,1017.38,4.0,COMPLETED,12
b418962a,2026-05-27 12:25:25.145850,Mumbai_Bandra,935.89,5.0,COMPLETED,12
8936c01f,2026-05-27 11:35:47.145856,Mumbai_Andheri,1484.86,4.0,COMPLETED,11
2edff65d,2026-05-27 11:30:39.145862,Mumbai_Bandra,216.72,1.0,COMPLETED,11
0229afda,2026-05-27 12:14:13.145868,Mumbai_Andheri,222.68,4.0,COMPLETED,12
c3e90c0a,2026-05-27 12:19:38.145874,Mumbai_Thane,452.12,5.0,NO_DRIVER_AVAILABLE,12
723130df,2026-05-27 11:34:33.145881,Mumbai_Colaba,640.98,5.0,CANCELLED,11
8b8a8bf4,2026-05-27 12:21:13.145887,Mumbai_Bandra,1287.87,3.0,CANCELLED,12
20b7443c,2026-05-27 11:34:19.145893,Mumbai_Bandra,1350.48,1.0,CANCELLED,11
df38e8cb,2026-05-27 11:45:00.145906,Mumbai_Andheri,1380.03,3.0,NO_DRIVER_AVAILABLE,11
d288efbc,2026-05-27 12:07:37.145912,Mumbai_Colaba,853.57,5.0,CANCELLED,12
15e1f836,2026-05-27 11:31:20.145919,Mumbai_Bandra,750.66,4.0,CANCELLED,11
7679dbff,2026-05-27 11:31:10.145925,Mumbai_Thane,704.93,4.0,COMPLETED,11
cb77ae3b,2026-05-27 12:15:58.145931,Mumbai_Andheri,794.59,4.0,COMPLETED,12
faeb8964,2026-05-27 11:53:39.145938,Mumbai_Colaba,1230.04,5.0,COMPLETED,11
073ac71f,2026-05-27 12:07:00.145944,Mumbai_Andheri,468.99,5.0,CANCELLED,12
cbd8b0b7,2026-05-27 11:32:22.145950,Mumbai_Andheri,729.7,3.0,COMPLETED,11
f2964747,2026-05-27 11:49:16.145956,Mumbai_Colaba,1262.34,5.0,NO_DRIVER_AVAILABLE,11
31bf215d,2026-05-27 11:28:04.145963,Mumbai_Bandra,728.82,4.0,COMPLETED,11
8dbd7dde,2026-05-27 11:28:59.145969,Mumbai_Thane,1286.6,3.0,COMPLETED,11
ada205db,2026-05-27 11:30:01.145976,Mumbai_Thane,1436.47,4.0,COMPLETED,11
9d94016d,2026-05-27 11:57:35.145982,Mumbai_Thane,1082.73,4.0,COMPLETED,11
bcff07b9,2026-05-27 12:25:17.145988,Mumbai_Bandra,943.01,1.0,COMPLETED,12
9e34a3f5,2026-05-27 12:18:10.145994,Mumbai_Andheri,512.92,5.0,COMPLETED,12
e4054888,2026-05-27 11:26:08.146001,Mumbai_Thane,180.29,3.0,COMPLETED,11
5f4b169f,2026-05-27 12:17:26.146007,Mumbai_Thane,728.59,4.0,COMPLETED,12
c9f15422,2026-05-27 12:05:45.146013,Mumbai_Bandra,179.46,5.0,COMPLETED,12
e6e22d5b,2026-05-27 11:56:20.146022,Mumbai_Colaba,1166.35,3.0,CANCELLED,11
974acfbf,2026-05-27 11:37:46.146029,Mumbai_Colaba,1005.87,1.0,COMPLETED,11
9760d805,2026-05-27 12:01:47.146036,Mumbai_Colaba,885.32,4.0,COMPLETED,12
6cc8ef81,2026-05-27 11:41:49.146042,Mumbai_Andheri,1347.49,3.0,COMPLETED,11
1c65682f,2026-05-27 11:30:13.146049,Mumbai_Colaba,335.02,4.0,COMPLETED,11
c912731e,2026-05-27 11:51:09.146055,Mumbai_Colaba,735.97,1.0,COMPLETED,11
267febe8,2026-05-27 12:10:59.146061,Mumbai_Andheri,132.78,4.0,COMPLETED,12
ffae1cca,2026-05-27 12:01:39.146068,Mumbai_Bandra,1059.25,4.0,COMPLETED,12
1c367c4d,2026-05-27 12:05:18.146074,Mumbai_Thane,379.78,5.0,COMPLETED,12
5a2ca50e,2026-05-27 12:01:08.146080,Mumbai_Bandra,118.49,5.0,COMPLETED,12
614325ba,2026-05-27 11:29:39.146087,Mumbai_Andheri,1185.27,5.0,COMPLETED,11
c1f03939,2026-05-27 11:29:14.146099,Mumbai_Andheri,912.43,5.0,COMPLETED,11
15130daa,2026-05-27 11:31:10.146105,Mumbai_Colaba,538.39,4.0,CANCELLED,11
66c5c841,2026-05-27 11:42:35.146112,Mumbai_Andheri,1081.37,5.0,COMPLETED,11
fe39444b,2026-05-27 11:52:12.146118,Mumbai_Colaba,697.47,5.0,COMPLETED,11
8f699899,2026-05-27 11:34:39.146124,Mumbai_Thane,181.25,4.0,COMPLETED,11
5677da25,2026-05-27 12:12:28.146131,Mumbai_Colaba,987.97,4.0,COMPLETED,12
b7effa89,2026-05-27 12:17:58.146137,Mumbai_Andheri,1124.6,1.0,COMPLETED,12
904fa268,2026-05-27 12:13:50.146143,Mumbai_Colaba,1451.36,4.0,COMPLETED,12
711a8126,2026-05-27 12:08:30.146149,Mumbai_Andheri,1051.61,4.0,COMPLETED,12
dc077209,2026-05-27 11:32:55.146156,Mumbai_Colaba,1440.02,4.0,CANCELLED,11
e7481d41,2026-05-27 11:53:22.146162,Mumbai_Thane,117.75,5.0,COMPLETED,11
f89fa4f1,2026-05-27 11:44:48.146174,Mumbai_Colaba,1076.39,5.0,CANCELLED,11
c9103e2d,2026-05-27 11:35:11.146181,Mumbai_Colaba,190.98,4.0,NO_DRIVER_AVAILABLE,11
a1c6816c,2026-05-27 11:36:37.146187,Mumbai_Andheri,214.61,3.0,COMPLETED,11
b3da8048,2026-05-27 12:13:53.146193,Mumbai_Andheri,272.64,4.0,COMPLETED,12
1959eed4,2026-05-27 11:32:35.146199,Mumbai_Bandra,1316.34,4.0,COMPLETED,11
3508ab5b,2026-05-27 11:30:30.146206,Mumbai_Colaba,445.56,3.0,COMPLETED,11
1114cc07,2026-05-27 11:46:46.146212,Mumbai_Bandra,955.1,5.0,CANCELLED,11
60d4f3f7,2026-05-27 11:25:50.146218,Mumbai_Thane,1281.1,4.0,COMPLETED,11
748fb151,2026-05-27 11:32:03.146224,Mumbai_Andheri,475.86,3.0,COMPLETED,11
5c14d5b4,2026-05-27 12:04:18.146232,Mumbai_Thane,764.09,1.0,COMPLETED,12
40986c3d,2026-05-27 11:52:32.146238,Mumbai_Andheri,1485.85,3.0,COMPLETED,11
23c1a562,2026-05-27 11:28:08.146245,Mumbai_Bandra,1006.5,4.0,NO_DRIVER_AVAILABLE,11
825b68af,2026-05-27 12:15:21.146251,Mumbai_Bandra,560.34,3.0,NO_DRIVER_AVAILABLE,12
9afd183b,2026-05-27 11:32:44.146257,Mumbai_Thane,635.54,4.0,NO_DRIVER_AVAILABLE,11
5c6ac4ba,2026-05-27 11:45:24.146263,Mumbai_Colaba,1282.7,5.0,COMPLETED,11
58b4b49d,2026-05-27 11:51:25.146270,Mumbai_Andheri,1458.55,5.0,CANCELLED,11
0781da3d,2026-05-27 12:01:19.146276,Mumbai_Andheri,551.37,4.0,COMPLETED,12
cf7b57bc,2026-05-27 12:19:04.146282,Mumbai_Thane,916.53,4.0,CANCELLED,12
bd5a6106,2026-05-27 12:01:52.146288,Mumbai_Andheri,1005.27,4.0,COMPLETED,12
580ea4ae,2026-05-27 11:44:51.146295,Mumbai_Thane,967.06,4.0,COMPLETED,11
353fc570,2026-05-27 11:45:24.146301,Mumbai_Andheri,392.29,5.0,COMPLETED,11
218ff40c,2026-05-27 12:03:28.146307,Mumbai_Thane,613.96,5.0,COMPLETED,12
c6b31647,2026-05-27 12:00:24.146314,Mumbai_Thane,715.64,5.0,COMPLETED,12
4d31a7ac,2026-05-27 11:30:36.146320,Mumbai_Bandra,281.45,3.0,COMPLETED,11
535d68c1,2026-05-27 11:50:23.146326,Mumbai_Colaba,850.12,5.0,COMPLETED,11
673d2d72,2026-05-27 12:22:46.146332,Mumbai_Colaba,1426.17,5.0,CANCELLED,12
bdd85180,2026-05-27 12:12:49.146339,Mumbai_Thane,593.19,5.0,NO_DRIVER_AVAILABLE,12
fc2f055a,2026-05-27 11:33:10.146345,Mumbai_Colaba,630.95,5.0,CANCELLED,11
1faf76dc,2026-05-27 11:27:30.146351,Mumbai_Andheri,1383.8,5.0,CANCELLED,11
95dff4d8,2026-05-27 12:01:55.146357,Mumbai_Thane,569.12,5.0,CANCELLED,12
d21cf915,2026-05-27 12:23:58.146364,Mumbai_Andheri,916.01,3.0,COMPLETED,12
9de79726,2026-05-27 12:02:06.146370,Mumbai_Bandra,876.52,4.0,COMPLETED,12
db564aec,2026-05-27 12:04:26.146376,Mumbai_Thane,154.62,5.0,COMPLETED,12
16751155,2026-05-27 11:47:13.146388,Mumbai_Colaba,427.25,4.0,COMPLETED,11
354c431b,2026-05-27 11:37:49.146395,Mumbai_Bandra,844.73,2.0,COMPLETED,11
7bd4af08,2026-05-27 12:01:46.146401,Mumbai_Colaba,1394.71,5.0,COMPLETED,12
c816924a,2026-05-27 11:28:00.146407,Mumbai_Bandra,227.24,5.0,COMPLETED,11
01c14498,2026-05-27 11:52:37.146414,Mumbai_Thane,1107.79,5.0,COMPLETED,11
927ec206,2026-05-27 11:48:22.146420,Mumbai_Andheri,103.29,2.0,COMPLETED,11
4a5b713e,2026-05-27 12:07:49.146426,Mumbai_Colaba,593.52,4.0,COMPLETED,12
953c8582,2026-05-27 11:40:45.146432,Mumbai_Andheri,170.21,5.0,CANCELLED,11
923c5781,2026-05-27 11:38:29.146439,Mumbai_Colaba,268.24,4.0,NO_DRIVER_AVAILABLE,11
7f75dfdc,2026-05-27 11:48:36.146445,Mumbai_Thane,1436.66,4.0,CANCELLED,11
906e6052,2026-05-27 11:31:42.146451,Mumbai_Andheri,897.08,5.0,COMPLETED,11
23cbad1e,2026-05-27 11:26:53.146457,Mumbai_Colaba,1101.54,3.0,COMPLETED,11
fbadd508,2026-05-27 12:00:21.146464,Mumbai_Bandra,592.34,5.0,CANCELLED,12
8bb7efd8,2026-05-27 12:21:19.146470,Mumbai_Thane,993.99,5.0,COMPLETED,12
408c6a63,2026-05-27 12:18:55.146476,Mumbai_Thane,518.33,3.0,COMPLETED,12
9b61e62d,2026-05-27 12:12:43.146483,Mumbai_Colaba,751.53,5.0,CANCELLED,12
98cc27f8,2026-05-27 12:16:59.146489,Mumbai_Andheri,407.97,5.0,COMPLETED,12
8db8bac6,2026-05-27 11:54:01.146495,Mumbai_Colaba,795.6,5.0,COMPLETED,11
27c05f54,2026-05-27 11:50:15.146501,Mumbai_Bandra,235.83,5.0,NO_DRIVER_AVAILABLE,11
29ef372e,2026-05-27 11:42:11.146508,Mumbai_Bandra,313.01,5.0,CANCELLED,11
106cc6be,2026-05-27 11:45:01.146514,Mumbai_Bandra,1421.75,4.0,COMPLETED,11
498e36a2,2026-05-27 12:12:21.146521,Mumbai_Thane,894.93,2.0,COMPLETED,12
851fe39b,2026-05-27 11:31:40.146527,Mumbai_Thane,1435.22,5.0,COMPLETED,11
018b8b6b,2026-05-27 12:02:09.146533,Mumbai_Andheri,1070.37,4.0,COMPLETED,12
83ad5307,2026-05-27 12:18:51.146539,Mumbai_Thane,1380.47,4.0,COMPLETED,12
12437f2a,2026-05-27 11:59:15.146546,Mumbai_Bandra,208.66,4.0,CANCELLED,11
3e48211b,2026-05-27 12:24:05.146552,Mumbai_Bandra,416.39,4.0,COMPLETED,12
63f7ad18,2026-05-27 11:48:35.146561,Mumbai_Andheri,1456.82,4.0,COMPLETED,11
6b971fec,2026-05-27 12:14:42.146568,Mumbai_Colaba,1311.54,5.0,NO_DRIVER_AVAILABLE,12
d7f45b3a,2026-05-27 12:17:33.146574,Mumbai_Colaba,1290.5,4.0,COMPLETED,12
8a042b01,2026-05-27 11:51:38.146580,Mumbai_Andheri,306.14,1.0,CANCELLED,11
e948e4fc,2026-05-27 12:23:09.146587,Mumbai_Thane,1044.98,5.0,COMPLETED,12
4c391b78,2026-05-27 11:45:07.146593,Mumbai_Colaba,372.06,4.0,COMPLETED,11
ba16b149,2026-05-27 11:51:10.146599,Mumbai_Bandra,1119.84,4.0,COMPLETED,11
06c3a0d0,2026-05-27 12:03:20.146606,Mumbai_Thane,901.03,4.0,COMPLETED,12
b3d0c0ea,2026-05-27 12:24:52.146612,Mumbai_Andheri,980.06,3.0,CANCELLED,12
a5c670b9,2026-05-27 11:35:27.146618,Mumbai_Bandra,780.87,4.0,COMPLETED,11
ec80a8f0,2026-05-27 12:18:13.146624,Mumbai_Bandra,204.31,5.0,COMPLETED,12
8ddc690f,2026-05-27 12:13:01.146631,Mumbai_Bandra,699.9,4.0,COMPLETED,12
d0c77ff0,2026-05-27 11:40:50.146637,Mumbai_Colaba,189.12,2.0,COMPLETED,11
75cc3778,2026-05-27 11:29:37.146643,Mumbai_Bandra,137.55,4.0,COMPLETED,11
6a6cb27d,2026-05-27 11:27:28.146649,Mumbai_Andheri,317.88,2.0,NO_DRIVER_AVAILABLE,11
f44b88c3,2026-05-27 11:50:54.146656,Mumbai_Andheri,284.82,4.0,CANCELLED,11
41f37fd5,2026-05-27 12:17:20.146662,Mumbai_Bandra,716.31,5.0,COMPLETED,12
00222d2d,2026-05-27 12:22:04.146668,Mumbai_Thane,1350.09,4.0,CANCELLED,12
2c8a4280,2026-05-27 12:17:01.146674,Mumbai_Andheri,867.86,5.0,COMPLETED,12
c3b15fe8,2026-05-27 11:57:10.146680,Mumbai_Colaba,1303.93,4.0,COMPLETED,11
044c20d2,2026-05-27 11:38:38.146687,Mumbai_Thane,1089.97,4.0,COMPLETED,11
c63cbf01,2026-05-27 11:27:50.146693,Mumbai_Andheri,1251.62,4.0,COMPLETED,11
4e09bee3,2026-05-27 11:42:25.146699,Mumbai_Thane,1167.42,4.0,CANCELLED,11
539e7672,2026-05-27 11:26:57.146705,Mumbai_Thane,291.69,4.0,COMPLETED,11
1b547780,2026-05-27 11:33:17.146712,Mumbai_Colaba,1233.67,4.0,COMPLETED,11
e0b8fbd1,2026-05-27 12:17:26.146718,Mumbai_Colaba,196.11,4.0,CANCELLED,12
dbc2c850,2026-05-27 11:31:13.146724,Mumbai_Bandra,1029.4,5.0,COMPLETED,11
2aa48315,2026-05-27 11:43:22.146730,Mumbai_Colaba,971.96,4.0,CANCELLED,11
2c78afa1,2026-05-27 11:55:50.146743,Mumbai_Bandra,995.68,3.0,COMPLETED,11
c73904b7,2026-05-27 12:07:57.146749,Mumbai_Thane,1176.59,4.0,COMPLETED,12
99d1036e,2026-05-27 11:42:58.146755,Mumbai_Thane,254.22,5.0,COMPLETED,11
cf1cac93,2026-05-27 12:07:50.146761,Mumbai_Andheri,735.21,5.0,COMPLETED,12
7b709897,2026-05-27 12:22:36.146768,Mumbai_Colaba,849.53,5.0,CANCELLED,12
51f2b1cd,2026-05-27 11:42:51.146774,Mumbai_Colaba,844.1,4.0,COMPLETED,11
842e2740,2026-05-27 11:33:46.146780,Mumbai_Andheri,825.6,4.0,CANCELLED,11
a0c59d91,2026-05-27 11:40:36.146786,Mumbai_Andheri,1425.05,4.0,COMPLETED,11
c8f6e7f9,2026-05-27 11:58:33.146793,Mumbai_Bandra,789.37,4.0,COMPLETED,11
1802f778,2026-05-27 11:38:43.146799,Mumbai_Colaba,189.36,5.0,NO_DRIVER_AVAILABLE,11
bcf5affb,2026-05-27 11:53:35.146805,Mumbai_Thane,541.4,4.0,COMPLETED,11
2d321762,2026-05-27 11:32:44.146812,Mumbai_Andheri,1432.86,4.0,COMPLETED,11
102b1c77,2026-05-27 12:04:19.146825,Mumbai_Andheri,119.59,2.0,COMPLETED,12
8e24cbda,2026-05-27 12:07:15.146831,Mumbai_Thane,851.5,4.0,COMPLETED,12
2b100a03,2026-05-27 12:08:53.146838,Mumbai_Andheri,986.63,3.0,COMPLETED,12
885722e1,2026-05-27 12:02:45.146844,Mumbai_Colaba,1386.76,5.0,COMPLETED,12
ae11e93d,2026-05-27 12:00:56.146850,Mumbai_Andheri,494.64,4.0,COMPLETED,12
23122c13,2026-05-27 12:17:28.146856,Mumbai_Andheri,614.41,5.0,NO_DRIVER_AVAILABLE,12
0c5b05ea,2026-05-27 12:01:56.146863,Mumbai_Andheri,857.31,4.0,CANCELLED,12
ea914b7d,2026-05-27 11:31:28.146869,Mumbai_Bandra,298.79,4.0,COMPLETED,11
a19b9e45,2026-05-27 12:06:26.146875,Mumbai_Bandra,1250.8,5.0,COMPLETED,12
37ef0025,2026-05-27 12:05:43.146881,Mumbai_Thane,471.67,4.0,COMPLETED,12
bc959c08,2026-05-27 12:05:18.146888,Mumbai_Thane,247.53,5.0,CANCELLED,12
8a89da2f,2026-05-27 12:23:00.146894,Mumbai_Andheri,295.73,5.0,COMPLETED,12
e6523de9,2026-05-27 11:46:12.146900,Mumbai_Andheri,806.88,5.0,NO_DRIVER_AVAILABLE,11
1b0b6032,2026-05-27 11:41:22.146906,Mumbai_Andheri,157.09,5.0,COMPLETED,11
fb7d98e8,2026-05-27 11:48:13.146912,Mumbai_Colaba,278.09,5.0,COMPLETED,11
9fe994b6,2026-05-27 12:15:17.146919,Mumbai_Andheri,380.3,5.0,COMPLETED,12
f3468c2d,2026-05-27 12:12:14.146925,Mumbai_Colaba,1136.97,2.0,COMPLETED,12
2402f2c4,2026-05-27 12:13:59.146937,Mumbai_Thane,1170.96,5.0,CANCELLED,12
295d7921,2026-05-27 12:18:33.146944,Mumbai_Andheri,1034.8,4.0,COMPLETED,12
84cff6b1,2026-05-27 12:18:12.146950,Mumbai_Colaba,724.61,4.0,COMPLETED,12
5881951f,2026-05-27 11:59:03.146956,Mumbai_Thane,1205.31,5.0,COMPLETED,11
dba8c42c,2026-05-27 12:02:15.146962,Mumbai_Thane,549.66,4.0,COMPLETED,12
47de7a8a,2026-05-27 12:22:31.146968,Mumbai_Colaba,1487.76,5.0,COMPLETED,12
707faebe,2026-05-27 11:25:48.146974,Mumbai_Colaba,1078.46,5.0,COMPLETED,11
f7bfc1f4,2026-05-27 11:45:48.146981,Mumbai_Thane,1440.06,5.0,CANCELLED,11
f1bad32d,2026-05-27 11:26:37.146987,Mumbai_Thane,1084.21,4.0,CANCELLED,11
9d8f6829,2026-05-27 11:39:47.146993,Mumbai_Andheri,1444.58,5.0,COMPLETED,11
dd2d653d,2026-05-27 12:08:19.146999,Mumbai_Bandra,493.28,4.0,COMPLETED,12
aa3d8604,2026-05-27 12:00:10.147006,Mumbai_Thane,1062.2,4.0,CANCELLED,12
6ddf44e6,2026-05-27 11:40:31.147012,Mumbai_Bandra,1028.53,4.0,COMPLETED,11
9f3b04f0,2026-05-27 11:57:15.147018,Mumbai_Andheri,1375.9,5.0,COMPLETED,11
9377f5e8,2026-05-27 11:26:28.147024,Mumbai_Bandra,720.95,5.0,CANCELLED,11
f1607b2e,2026-05-27 12:14:01.147031,Mumbai_Thane,1220.21,5.0,CANCELLED,12
5904a086,2026-05-27 11:38:00.147037,Mumbai_Thane,685.66,4.0,COMPLETED,11
65745f3c,2026-05-27 12:23:32.147043,Mumbai_Colaba,1116.69,4.0,COMPLETED,12
35f86792,2026-05-27 12:22:32.147049,Mumbai_Andheri,247.13,5.0,NO_DRIVER_AVAILABLE,12
592cda6d,2026-05-27 11:45:02.147055,Mumbai_Colaba,1285.62,4.0,CANCELLED,11
486b3603,2026-05-27 12:03:53.147061,Mumbai_Andheri,1250.59,5.0,CANCELLED,12
22b4e873,2026-05-27 12:23:29.147068,Mumbai_Thane,499.45,4.0,COMPLETED,12
0c138a77,2026-05-27 12:07:02.147074,Mumbai_Colaba,1409.11,4.0,COMPLETED,12
21ba292e,2026-05-27 11:58:07.147080,Mumbai_Bandra,286.53,5.0,NO_DRIVER_AVAILABLE,11
1886f516,2026-05-27 11:28:55.147087,Mumbai_Colaba,468.32,4.0,CANCELLED,11
a9cb416f,2026-05-27 11:52:18.147093,Mumbai_Andheri,1331.98,5.0,COMPLETED,11
f947b503,2026-05-27 11:28:59.147102,Mumbai_Bandra,1280.5,4.0,COMPLETED,11
5b4396e1,2026-05-27 12:04:36.147116,Mumbai_Thane,1099.61,3.0,COMPLETED,12
389b1146,2026-05-27 11:55:42.147122,Mumbai_Andheri,1429.16,4.0,NO_DRIVER_AVAILABLE,11
65d9c85b,2026-05-27 12:03:54.147128,Mumbai_Thane,1144.13,3.0,COMPLETED,12
14a82e41,2026-05-27 11:46:12.147135,Mumbai_Colaba,262.73,5.0,COMPLETED,11
3b4d470c,2026-05-27 12:04:38.147141,Mumbai_Colaba,826.36,5.0,COMPLETED,12
5629f7c0,2026-05-27 11:36:28.147147,Mumbai_Bandra,1177.61,4.0,NO_DRIVER_AVAILABLE,11
09a34338,2026-05-27 11:43:20.147153,Mumbai_Colaba,1258.98,5.0,CANCELLED,11
a7430d2a,2026-05-27 12:05:11.147160,Mumbai_Thane,699.2,5.0,COMPLETED,12
04a43f27,2026-05-27 11:43:29.147167,Mumbai_Colaba,1129.29,4.0,COMPLETED,11
58f795a9,2026-05-27 12:11:18.147174,Mumbai_Bandra,1156.66,4.0,COMPLETED,12
c7b3171c,2026-05-27 11:29:38.147180,Mumbai_Thane,630.15,1.0,COMPLETED,11
2fd53ae5,2026-05-27 11:40:56.147186,Mumbai_Andheri,908.45,2.0,COMPLETED,11
13bde5cd,2026-05-27 11:54:46.147193,Mumbai_Colaba,990.85,3.0,COMPLETED,11
b49b4837,2026-05-27 11:53:49.147199,Mumbai_Andheri,426.56,1.0,COMPLETED,11
ccb28c40,2026-05-27 12:06:04.147205,Mumbai_Bandra,552.85,5.0,NO_DRIVER_AVAILABLE,12
df09d8ea,2026-05-27 12:10:05.147211,Mumbai_Colaba,1157.88,5.0,CANCELLED,12
0ae7ecdd,2026-05-27 12:20:42.147217,Mumbai_Andheri,1179.7,5.0,COMPLETED,12
59261740,2026-05-27 11:40:48.147224,Mumbai_Colaba,1129.79,4.0,CANCELLED,11
dbd6c185,2026-05-27 12:09:32.147230,Mumbai_Andheri,1376.33,4.0,CANCELLED,12
14ab28b3,2026-05-27 11:47:59.147236,Mumbai_Bandra,599.66,5.0,COMPLETED,11
5840460f,2026-05-27 12:23:28.147242,Mumbai_Thane,1423.93,4.0,COMPLETED,12
8907c02d,2026-05-27 11:51:57.147249,Mumbai_Andheri,1305.85,3.0,COMPLETED,11
b55ebb72,2026-05-27 12:16:05.147255,Mumbai_Colaba,1110.94,5.0,NO_DRIVER_AVAILABLE,12
d552c61e,2026-05-27 12:05:02.147261,Mumbai_Thane,640.39,4.0,COMPLETED,12
2d86cc85,2026-05-27 11:31:31.147267,Mumbai_Colaba,651.91,5.0,COMPLETED,11
80f7d1ac,2026-05-27 12:08:32.147273,Mumbai_Andheri,611.36,5.0,COMPLETED,12
db361a60,2026-05-27 11:53:45.147279,Mumbai_Andheri,892.79,5.0,COMPLETED,11
e2108267,2026-05-27 12:24:47.147286,Mumbai_Thane,575.04,3.0,COMPLETED,12
3f609067,2026-05-27 11:26:50.147292,Mumbai_Bandra,1081.23,4.0,COMPLETED,11
b4e5c391,2026-05-27 12:24:21.147298,Mumbai_Colaba,582.35,4.0,COMPLETED,12
3e2f4aa5,2026-05-27 11:35:51.147304,Mumbai_Colaba,622.17,4.0,COMPLETED,11
3519229d,2026-05-27 11:40:51.147311,Mumbai_Bandra,484.33,4.0,CANCELLED,11
30c44291,2026-05-27 12:08:15.147317,Mumbai_Colaba,613.17,4.0,COMPLETED,12
e3ac45f8,2026-05-27 11:54:18.147323,Mumbai_Thane,827.68,3.0,COMPLETED,11
75d37bd6,2026-05-27 12:07:19.147329,Mumbai_Colaba,362.83,3.0,COMPLETED,12
c9aea723,2026-05-27 11:40:19.147336,Mumbai_Thane,763.0,4.0,NO_DRIVER_AVAILABLE,11
6c513a30,2026-05-27 11:29:42.147342,Mumbai_Thane,427.06,4.0,NO_DRIVER_AVAILABLE,11
47f08dbc,2026-05-27 12:04:15.147348,Mumbai_Colaba,1291.39,5.0,COMPLETED,12
0dfc6360,2026-05-27 12:14:31.147355,Mumbai_Andheri,1354.27,4.0,COMPLETED,12
08fe5760,2026-05-27 12:06:51.147361,Mumbai_Thane,1052.18,5.0,COMPLETED,12
01a573ae,2026-05-27 11:57:07.147367,Mumbai_Thane,1071.24,5.0,CANCELLED,11
973cd997,2026-05-27 11:33:50.147373,Mumbai_Colaba,946.43,4.0,COMPLETED,11
537bae5c,2026-05-27 11:26:13.147380,Mumbai_Bandra,771.39,4.0,COMPLETED,11
128ed9dd,2026-05-27 11:53:35.147386,Mumbai_Colaba,1291.5,4.0,COMPLETED,11
08ef3268,2026-05-27 11:28:22.147392,Mumbai_Colaba,1497.4,4.0,COMPLETED,11
9b1f9b35,2026-05-27 11:34:22.147398,Mumbai_Colaba,290.69,5.0,COMPLETED,11
f1a27c16,2026-05-27 11:34:40.147405,Mumbai_Bandra,267.97,5.0,COMPLETED,11
1b9686ed,2026-05-27 11:57:08.147411,Mumbai_Thane,446.2,4.0,CANCELLED,11
94ec294e,2026-05-27 12:13:20.147417,Mumbai_Andheri,1364.57,5.0,COMPLETED,12
818eab75,2026-05-27 11:52:34.147423,Mumbai_Andheri,1084.06,5.0,CANCELLED,11
c8e7d431,2026-05-27 11:56:12.147429,Mumbai_Bandra,1110.4,4.0,COMPLETED,11
464cbcea,2026-05-27 12:16:54.147436,Mumbai_Colaba,1437.55,4.0,COMPLETED,12
3e59e750,2026-05-27 11:49:17.147442,Mumbai_Bandra,329.82,4.0,COMPLETED,11
79269639,2026-05-27 12:10:22.147448,Mumbai_Bandra,366.75,4.0,CANCELLED,12
3595c32c,2026-05-27 12:09:37.147455,Mumbai_Thane,672.44,4.0,NO_DRIVER_AVAILABLE,12
5698b412,2026-05-27 11:59:20.147461,Mumbai_Andheri,1247.93,5.0,COMPLETED,11
c864be9f,2026-05-27 11:41:27.147467,Mumbai_Bandra,868.33,4.0,COMPLETED,11
4e75aaee,2026-05-27 12:10:21.147473,Mumbai_Bandra,517.13,5.0,CANCELLED,12
e8fa7d61,2026-05-27 12:12:30.147479,Mumbai_Bandra,542.74,4.0,COMPLETED,12
301882da,2026-05-27 11:59:25.147486,Mumbai_Thane,1150.43,1.0,COMPLETED,11
5b4e921f,2026-05-27 12:05:17.147492,Mumbai_Colaba,1007.58,2.0,CANCELLED,12
c2b656bf,2026-05-27 11:53:29.147498,Mumbai_Bandra,1310.24,3.0,NO_DRIVER_AVAILABLE,11
1f60929c,2026-05-27 12:04:47.147504,Mumbai_Colaba,1362.53,2.0,COMPLETED,12
ad61ca16,2026-05-27 11:34:59.147511,Mumbai_Andheri,319.02,3.0,COMPLETED,11
c5c9cffc,2026-05-27 11:36:20.147517,Mumbai_Colaba,677.8,5.0,COMPLETED,11
ebc75cf6,2026-05-27 12:13:13.147523,Mumbai_Colaba,988.29,5.0,COMPLETED,12
491e1595,2026-05-27 11:35:42.147529,Mumbai_Bandra,1118.68,3.0,CANCELLED,11
9ac196a1,2026-05-27 11:46:00.147536,Mumbai_Colaba,445.65,5.0,COMPLETED,11
49fa63b2,2026-05-27 11:41:10.147542,Mumbai_Bandra,481.06,5.0,COMPLETED,11
284670b7,2026-05-27 12:23:40.147548,Mumbai_Thane,272.63,4.0,COMPLETED,12
bf38ef71,2026-05-27 11:54:12.147554,Mumbai_Colaba,575.65,4.0,COMPLETED,11
cdd68abf,2026-05-27 11:37:26.147560,Mumbai_Colaba,662.05,4.0,COMPLETED,11
47a5ca99,2026-05-27 12:09:50.147567,Mumbai_Bandra,450.86,2.0,COMPLETED,12
10e46c5b,2026-05-27 12:15:46.147574,Mumbai_Thane,1498.29,4.0,COMPLETED,12
93db1e9e,2026-05-27 11:55:20.147580,Mumbai_Thane,326.72,3.0,COMPLETED,11
fd7bf1a1,2026-05-27 11:56:32.147586,Mumbai_Thane,978.3,3.0,COMPLETED,11
a55facee,2026-05-27 11:55:09.147592,Mumbai_Bandra,738.8,5.0,COMPLETED,11
fd5b5ad1,2026-05-27 11:34:20.147599,Mumbai_Colaba,1158.96,4.0,COMPLETED,11
df81f5b2,2026-05-27 11:55:55.147605,Mumbai_Andheri,623.26,3.0,COMPLETED,11
0343d4b7,2026-05-27 11:36:42.147611,Mumbai_Bandra,105.65,1.0,NO_DRIVER_AVAILABLE,11
77b83458,2026-05-27 11:52:23.147617,Mumbai_Thane,593.82,4.0,CANCELLED,11
859ba1f7,2026-05-27 11:32:12.147623,Mumbai_Andheri,207.14,1.0,COMPLETED,11
457c7d9f,2026-05-27 12:16:41.147633,Mumbai_Bandra,854.82,5.0,CANCELLED,12
37350c17,2026-05-27 12:12:23.147640,Mumbai_Colaba,520.16,3.0,CANCELLED,12
041211e3,2026-05-27 12:13:01.147646,Mumbai_Thane,374.02,5.0,COMPLETED,12
613acdf0,2026-05-27 11:46:05.147653,Mumbai_Colaba,677.77,4.0,COMPLETED,11
4eb8f5c3,2026-05-27 11:33:08.147659,Mumbai_Andheri,542.2,4.0,COMPLETED,11
9e84393e,2026-05-27 12:13:09.147665,Mumbai_Colaba,588.24,4.0,COMPLETED,12
8cd2b085,2026-05-27 12:16:58.147671,Mumbai_Andheri,315.09,5.0,CANCELLED,12
2306314f,2026-05-27 11:53:38.147678,Mumbai_Colaba,421.24,5.0,CANCELLED,11
53989a98,2026-05-27 12:09:45.147684,Mumbai_Colaba,416.01,4.0,COMPLETED,12
3c544e1c,2026-05-27 11:58:02.147690,Mumbai_Bandra,500.21,5.0,NO_DRIVER_AVAILABLE,11
3688ca8f,2026-05-27 12:14:44.147696,Mumbai_Andheri,398.29,5.0,NO_DRIVER_AVAILABLE,12
86867771,2026-05-27 11:56:54.147703,Mumbai_Colaba,1321.48,4.0,COMPLETED,11
a3d6f150,2026-05-27 11:38:39.147709,Mumbai_Bandra,764.05,1.0,NO_DRIVER_AVAILABLE,11
56e9308f,2026-05-27 12:18:20.147715,Mumbai_Thane,144.16,4.0,COMPLETED,12
f771ecb4,2026-05-27 11:29:12.147721,Mumbai_Colaba,418.73,1.0,CANCELLED,11
4170a9f6,2026-05-27 12:07:02.147728,Mumbai_Colaba,146.33,5.0,COMPLETED,12
29db86f7,2026-05-27 11:58:59.147734,Mumbai_Colaba,548.39,5.0,COMPLETED,11
6f375459,2026-05-27 12:01:24.147740,Mumbai_Bandra,609.59,1.0,NO_DRIVER_AVAILABLE,12
a2e0cab6,2026-05-27 11:39:16.147747,Mumbai_Colaba,443.93,5.0,COMPLETED,11
200af83d,2026-05-27 12:03:24.147753,Mumbai_Colaba,227.35,4.0,CANCELLED,12
60a37b8e,2026-05-27 12:13:52.147760,Mumbai_Bandra,1330.75,4.0,COMPLETED,12
7594bb7a,2026-05-27 11:28:09.147766,Mumbai_Bandra,1499.31,5.0,CANCELLED,11
9c4253f7,2026-05-27 12:19:14.147772,Mumbai_Andheri,814.77,5.0,COMPLETED,12
06779600,2026-05-27 11:29:18.147779,Mumbai_Bandra,876.45,1.0,COMPLETED,11
6160b1be,2026-05-27 12:15:57.147785,Mumbai_Bandra,1012.79,5.0,COMPLETED,12
efde861d,2026-05-27 11:45:02.147791,Mumbai_Thane,1320.95,4.0,COMPLETED,11
36da2614,2026-05-27 11:36:01.147797,Mumbai_Thane,908.23,5.0,NO_DRIVER_AVAILABLE,11
1720bad5,2026-05-27 11:44:40.147804,Mumbai_Andheri,588.91,1.0,COMPLETED,11
3ef12071,2026-05-27 12:06:37.147810,Mumbai_Colaba,1053.64,5.0,CANCELLED,12
8dbabbfd,2026-05-27 11:29:55.147816,Mumbai_Colaba,709.23,3.0,NO_DRIVER_AVAILABLE,11
362dcf17,2026-05-27 12:24:03.147822,Mumbai_Thane,1099.96,3.0,COMPLETED,12
245809db,2026-05-27 12:01:36.147828,Mumbai_Thane,562.62,3.0,COMPLETED,12
a1b485f4,2026-05-27 12:09:13.147835,Mumbai_Bandra,1405.04,4.0,CANCELLED,12
58ace5a5,2026-05-27 11:40:36.147841,Mumbai_Colaba,485.56,5.0,COMPLETED,11
bb4ec88e,2026-05-27 12:08:40.147847,Mumbai_Colaba,655.93,5.0,CANCELLED,12
0b214f9e,2026-05-27 11:44:36.147853,Mumbai_Colaba,326.58,1.0,COMPLETED,11
1d417dc6,2026-05-27 11:43:32.147859,Mumbai_Andheri,1020.85,2.0,CANCELLED,11
cbbf9701,2026-05-27 11:29:35.147865,Mumbai_Thane,1253.83,4.0,NO_DRIVER_AVAILABLE,11
ffcf5d51,2026-05-27 12:18:47.147872,Mumbai_Colaba,1287.32,5.0,COMPLETED,12
c8be296b,2026-05-27 11:32:07.147878,Mumbai_Thane,343.66,4.0,COMPLETED,11
ebed2de9,2026-05-27 12:25:24.147884,Mumbai_Bandra,1366.81,5.0,NO_DRIVER_AVAILABLE,12
43376953,2026-05-27 11:34:29.147890,Mumbai_Thane,486.77,4.0,CANCELLED,11
529e28a8,2026-05-27 12:16:17.147896,Mumbai_Colaba,562.37,4.0,COMPLETED,12
258d267a,2026-05-27 11:57:52.147903,Mumbai_Colaba,291.57,3.0,COMPLETED,11
8c119fe1,2026-05-27 11:32:24.147909,Mumbai_Thane,1329.25,4.0,COMPLETED,11
a2346136,2026-05-27 12:24:39.147915,Mumbai_Bandra,140.98,2.0,COMPLETED,12
5fda6525,2026-05-27 12:18:55.147921,Mumbai_Bandra,1247.64,5.0,COMPLETED,12
5dcf4015,2026-05-27 11:54:46.147927,Mumbai_Bandra,1132.43,4.0,COMPLETED,11
8c7d530b,2026-05-27 11:41:58.147940,Mumbai_Colaba,380.59,5.0,CANCELLED,11
1d40fe26,2026-05-27 11:41:21.147953,Mumbai_Colaba,1132.72,4.0,COMPLETED,11
916fcaeb,2026-05-27 12:19:38.147959,Mumbai_Bandra,1417.61,4.0,COMPLETED,12
20e409c3,2026-05-27 12:10:14.147965,Mumbai_Thane,237.05,5.0,CANCELLED,12
79663b52,2026-05-27 12:04:21.147971,Mumbai_Bandra,1353.19,4.0,COMPLETED,12
38f481be,2026-05-27 11:52:53.147977,Mumbai_Bandra,952.23,2.0,NO_DRIVER_AVAILABLE,11
df062528,2026-05-27 11:56:32.147984,Mumbai_Thane,1127.23,4.0,CANCELLED,11
9666b902,2026-05-27 12:00:14.147990,Mumbai_Thane,673.16,4.0,COMPLETED,12
e489f6de,2026-05-27 11:57:13.147996,Mumbai_Colaba,1063.32,5.0,NO_DRIVER_AVAILABLE,11
d6d173cb,2026-05-27 11:44:05.148003,Mumbai_Bandra,1366.18,4.0,COMPLETED,11
d2a82b0e,2026-05-27 11:48:38.148009,Mumbai_Bandra,1294.4,5.0,COMPLETED,11
be8936e5,2026-05-27 11:38:38.148015,Mumbai_Bandra,294.66,5.0,COMPLETED,11
f00e09a7,2026-05-27 11:51:47.148022,Mumbai_Thane,390.44,3.0,COMPLETED,11
675751ad,2026-05-27 12:19:03.148028,Mumbai_Colaba,1356.22,5.0,COMPLETED,12
f731516a,2026-05-27 12:17:02.148035,Mumbai_Colaba,648.63,5.0,COMPLETED,12
2dbd1783,2026-05-27 11:43:51.148041,Mumbai_Bandra,1236.01,5.0,CANCELLED,11
a2056eec,2026-05-27 12:14:15.148047,Mumbai_Bandra,325.42,4.0,COMPLETED,12
4fc9451a,2026-05-27 12:16:24.148053,Mumbai_Thane,554.71,4.0,NO_DRIVER_AVAILABLE,12
5a77daca,2026-05-27 11:36:59.148059,Mumbai_Andheri,305.06,5.0,COMPLETED,11
202c14ab,2026-05-27 11:29:44.148066,Mumbai_Andheri,858.93,5.0,COMPLETED,11
08adac25,2026-05-27 12:13:48.148072,Mumbai_Andheri,946.18,5.0,COMPLETED,12
8237fc71,2026-05-27 12:20:15.148078,Mumbai_Thane,777.53,2.0,COMPLETED,12
7acf2ff7,2026-05-27 11:47:31.148084,Mumbai_Thane,1418.18,5.0,COMPLETED,11
459dc9c4,2026-05-27 11:52:51.148091,Mumbai_Colaba,959.72,5.0,CANCELLED,11
306394fa,2026-05-27 12:00:47.148097,Mumbai_Andheri,292.28,5.0,COMPLETED,12
969bae58,2026-05-27 11:35:31.148103,Mumbai_Andheri,632.34,5.0,COMPLETED,11
44cbb226,2026-05-27 11:42:28.148110,Mumbai_Bandra,469.97,3.0,COMPLETED,11
d4666a6c,2026-05-27 11:40:12.148116,Mumbai_Bandra,149.56,5.0,COMPLETED,11
f46f1117,2026-05-27 11:50:02.148122,Mumbai_Thane,740.65,5.0,COMPLETED,11
7b92001d,2026-05-27 12:07:45.148128,Mumbai_Thane,378.59,5.0,COMPLETED,12
dc0e39fb,2026-05-27 12:21:43.148135,Mumbai_Colaba,550.03,5.0,COMPLETED,12
04746e3c,2026-05-27 11:43:26.148141,Mumbai_Colaba,1376.29,4.0,COMPLETED,11
9f120730,2026-05-27 12:21:38.148147,Mumbai_Thane,1113.13,4.0,COMPLETED,12
92d29a36,2026-05-27 11:37:32.148153,Mumbai_Andheri,1398.24,5.0,COMPLETED,11
b51328e5,2026-05-27 11:51:29.148159,Mumbai_Thane,744.18,1.0,COMPLETED,11
fda817da,2026-05-27 12:08:03.148169,Mumbai_Colaba,199.45,5.0,CANCELLED,12
9a7f4a57,2026-05-27 11:56:49.148176,Mumbai_Andheri,1357.1,4.0,CANCELLED,11
79fdbf70,2026-05-27 11:48:27.148182,Mumbai_Andheri,1112.64,3.0,COMPLETED,11
0788bbae,2026-05-27 11:38:58.148188,Mumbai_Andheri,127.11,5.0,COMPLETED,11
7205d5fe,2026-05-27 12:14:02.148195,Mumbai_Thane,1088.38,4.0,COMPLETED,12
a1f0d9cb,2026-05-27 12:08:01.148201,Mumbai_Colaba,143.72,4.0,CANCELLED,12
1c6c58ff,2026-05-27 11:54:02.148207,Mumbai_Thane,838.66,2.0,COMPLETED,11
2f2680cf,2026-05-27 12:22:59.148214,Mumbai_Andheri,1281.6,3.0,COMPLETED,12
6d0a087d,2026-05-27 11:57:37.148220,Mumbai_Thane,1443.06,5.0,CANCELLED,11
547529c7,2026-05-27 12:01:43.148226,Mumbai_Colaba,530.62,5.0,COMPLETED,12
1e81f6ee,2026-05-27 12:05:19.148232,Mumbai_Colaba,225.74,4.0,COMPLETED,12
0b5d0181,2026-05-27 12:24:14.148239,Mumbai_Bandra,1477.2,5.0,COMPLETED,12
5e57239c,2026-05-27 12:04:49.148245,Mumbai_Andheri,1216.17,4.0,NO_DRIVER_AVAILABLE,12
efe377a2,2026-05-27 11:31:02.148251,Mumbai_Andheri,505.58,4.0,COMPLETED,11
62aba113,2026-05-27 11:45:34.148257,Mumbai_Thane,939.19,5.0,COMPLETED,11
3ce5d4d4,2026-05-27 12:23:40.148264,Mumbai_Andheri,503.1,3.0,COMPLETED,12
7ebe0dc7,2026-05-27 12:00:34.148270,Mumbai_Andheri,794.49,5.0,CANCELLED,12
536b3e68,2026-05-27 11:53:58.148276,Mumbai_Colaba,1316.75,4.0,COMPLETED,11
9028067b,2026-05-27 11:45:55.148282,Mumbai_Bandra,345.59,5.0,COMPLETED,11
2950db2b,2026-05-27 12:15:15.148288,Mumbai_Andheri,1076.71,4.0,COMPLETED,12
53ff096e,2026-05-27 11:34:30.148295,Mumbai_Andheri,1301.82,3.0,COMPLETED,11
66144ea2,2026-05-27 11:42:26.148301,Mumbai_Thane,450.07,5.0,COMPLETED,11
2b0e51d4,2026-05-27 11:37:33.148307,Mumbai_Bandra,493.81,2.0,COMPLETED,11
7e57e712,2026-05-27 12:25:15.148313,Mumbai_Colaba,706.09,4.0,COMPLETED,12
9dff1d68,2026-05-27 11:55:25.148320,Mumbai_Bandra,1448.42,4.0,NO_DRIVER_AVAILABLE,11
9c91518e,2026-05-27 12:19:57.148326,Mumbai_Andheri,1313.79,5.0,COMPLETED,12
5f39e1d2,2026-05-27 12:02:44.148332,Mumbai_Colaba,1341.68,4.0,CANCELLED,12
4063a851,2026-05-27 12:03:47.148339,Mumbai_Andheri,546.46,4.0,NO_DRIVER_AVAILABLE,12
ee58318c,2026-05-27 11:33:03.148345,Mumbai_Thane,594.34,1.0,COMPLETED,11
47408c52,2026-05-27 11:33:19.148351,Mumbai_Bandra,734.21,4.0,COMPLETED,11
c22ad9fd,2026-05-27 11:51:46.148357,Mumbai_Bandra,1465.09,3.0,CANCELLED,11
85c9871b,2026-05-27 12:20:31.148364,Mumbai_Bandra,662.2,2.0,CANCELLED,12
76d4a79a,2026-05-27 11:38:43.148370,Mumbai_Colaba,526.92,5.0,COMPLETED,11
7d277436,2026-05-27 12:22:48.148376,Mumbai_Colaba,1378.02,4.0,COMPLETED,12
8f157490,2026-05-27 11:47:34.148382,Mumbai_Colaba,1310.01,5.0,CANCELLED,11
1ec87d22,2026-05-27 12:09:17.148389,Mumbai_Bandra,818.61,3.0,COMPLETED,12
6122f9b7,2026-05-27 12:17:36.148395,Mumbai_Thane,265.01,3.0,COMPLETED,12
4a4485ed,2026-05-27 11:56:29.148401,Mumbai_Colaba,496.59,5.0,COMPLETED,11
fb1121e6,2026-05-27 11:32:35.148407,Mumbai_Bandra,432.5,4.0,COMPLETED,11
c4e8aa1b,2026-05-27 11:28:46.148413,Mumbai_Thane,848.28,4.0,CANCELLED,11
9b32bd56,2026-05-27 11:31:02.148426,Mumbai_Thane,145.84,4.0,CANCELLED,11
b03c2f79,2026-05-27 12:04:32.148432,Mumbai_Bandra,1058.98,4.0,COMPLETED,12
e617c1d9,2026-05-27 12:05:30.148438,Mumbai_Bandra,471.47,5.0,COMPLETED,12
cfadb7bb,2026-05-27 11:35:43.148445,Mumbai_Thane,1184.73,4.0,COMPLETED,11
2454492c,2026-05-27 11:51:11.148451,Mumbai_Thane,747.57,5.0,COMPLETED,11
0dbc41ad,2026-05-27 12:22:41.148464,Mumbai_Bandra,198.17,5.0,COMPLETED,12
77bf3f03,2026-05-27 11:54:39.148470,Mumbai_Andheri,522.64,1.0,COMPLETED,11
66bcec38,2026-05-27 11:53:53.148476,Mumbai_Andheri,1107.79,4.0,COMPLETED,11
13824687,2026-05-27 11:48:21.148483,Mumbai_Andheri,291.67,4.0,CANCELLED,11
b4eba638,2026-05-27 11:59:02.148489,Mumbai_Thane,334.57,2.0,CANCELLED,11
92fb69f7,2026-05-27 11:47:36.148495,Mumbai_Bandra,885.71,1.0,COMPLETED,11
24967ba4,2026-05-27 11:58:24.148502,Mumbai_Colaba,1246.71,5.0,CANCELLED,11
5f4d4403,2026-05-27 11:43:00.148508,Mumbai_Andheri,913.94,4.0,COMPLETED,11
62eac96b,2026-05-27 11:40:25.148514,Mumbai_Colaba,962.46,5.0,COMPLETED,11
7427e5d9,2026-05-27 12:06:14.148520,Mumbai_Bandra,867.41,5.0,COMPLETED,12
29e67d71,2026-05-27 11:56:03.148527,Mumbai_Andheri,821.44,5.0,COMPLETED,11
dbcf2ccf,2026-05-27 11:51:52.148533,Mumbai_Colaba,1026.28,2.0,COMPLETED,11
5b1e9f5f,2026-05-27 11:47:22.148540,Mumbai_Andheri,357.24,5.0,CANCELLED,11
574b923b,2026-05-27 12:11:25.148546,Mumbai_Thane,1241.51,4.0,NO_DRIVER_AVAILABLE,12
d0834a8e,2026-05-27 11:49:49.148552,Mumbai_Andheri,1362.59,4.0,COMPLETED,11
33c93dee,2026-05-27 12:02:10.148558,Mumbai_Colaba,1411.17,4.0,COMPLETED,12
0fdc722a,2026-05-27 11:36:04.148565,Mumbai_Thane,141.1,5.0,COMPLETED,11
8afe2411,2026-05-27 11:36:45.148571,Mumbai_Andheri,544.55,4.0,COMPLETED,11
aba56ca1,2026-05-27 12:03:27.148577,Mumbai_Bandra,1350.25,4.0,COMPLETED,12
38c7f48a,2026-05-27 12:00:56.148583,Mumbai_Andheri,438.61,4.0,CANCELLED,12
3f9f7b07,2026-05-27 11:40:48.148590,Mumbai_Bandra,1276.42,5.0,CANCELLED,11
c9828fb1,2026-05-27 12:18:29.148596,Mumbai_Colaba,109.46,5.0,CANCELLED,12
5a62c8b6,2026-05-27 11:43:42.148602,Mumbai_Colaba,1382.49,3.0,COMPLETED,11
7f9e725a,2026-05-27 11:36:45.148608,Mumbai_Thane,506.65,5.0,COMPLETED,11
240d32f1,2026-05-27 11:51:00.148615,Mumbai_Colaba,1206.6,4.0,COMPLETED,11
b215e593,2026-05-27 11:35:50.148621,Mumbai_Thane,1262.62,4.0,COMPLETED,11
403a80b1,2026-05-27 12:18:29.148627,Mumbai_Thane,952.16,5.0,COMPLETED,12
4d376e57,2026-05-27 12:15:41.148634,Mumbai_Thane,869.16,5.0,COMPLETED,12
e520064c,2026-05-27 11:47:37.148640,Mumbai_Colaba,1401.16,5.0,COMPLETED,11
dc72dc84,2026-05-27 12:07:28.148646,Mumbai_Andheri,496.28,1.0,COMPLETED,12
583005ee,2026-05-27 11:31:02.148652,Mumbai_Colaba,197.34,1.0,CANCELLED,11
3269d181,2026-05-27 11:38:09.148659,Mumbai_Bandra,531.83,4.0,COMPLETED,11
e1f45f25,2026-05-27 12:22:30.148665,Mumbai_Thane,385.67,1.0,CANCELLED,12
41f342a9,2026-05-27 12:00:42.148671,Mumbai_Andheri,418.07,1.0,COMPLETED,12
7d99433e,2026-05-27 11:38:03.148677,Mumbai_Thane,898.34,5.0,COMPLETED,11
226597e1,2026-05-27 12:03:49.148684,Mumbai_Thane,1335.1,5.0,COMPLETED,12
e61bc095,2026-05-27 11:39:49.148690,Mumbai_Thane,1404.8,3.0,COMPLETED,11
dd7e745d,2026-05-27 12:07:42.148696,Mumbai_Bandra,201.12,4.0,COMPLETED,12
6ff6d7fb,2026-05-27 11:31:40.148705,Mumbai_Colaba,1082.51,4.0,CANCELLED,11
6ee6475b,2026-05-27 12:02:48.148712,Mumbai_Bandra,489.85,4.0,COMPLETED,12
a0996c7b,2026-05-27 11:50:56.148719,Mumbai_Andheri,1416.88,5.0,NO_DRIVER_AVAILABLE,11
b1240e8c,2026-05-27 11:41:13.148725,Mumbai_Thane,1482.85,4.0,COMPLETED,11
db6aa75c,2026-05-27 11:44:33.148731,Mumbai_Thane,215.64,5.0,CANCELLED,11
2c94cc1c,2026-05-27 12:24:51.148738,Mumbai_Thane,565.22,4.0,COMPLETED,12
242b6e95,2026-05-27 12:07:37.148744,Mumbai_Andheri,444.63,4.0,COMPLETED,12
91ed4bd3,2026-05-27 12:22:34.148750,Mumbai_Colaba,152.67,2.0,CANCELLED,12
abbbde78,2026-05-27 12:10:34.148756,Mumbai_Thane,555.56,4.0,COMPLETED,12
907bb8a8,2026-05-27 11:26:40.148762,Mumbai_Colaba,692.58,3.0,COMPLETED,11
52395a64,2026-05-27 12:14:04.148769,Mumbai_Andheri,750.61,4.0,COMPLETED,12
e776374e,2026-05-27 12:02:59.148775,Mumbai_Colaba,934.24,5.0,COMPLETED,12
ef6ab65c,2026-05-27 11:50:52.148781,Mumbai_Andheri,171.75,5.0,COMPLETED,11
cb04582f,2026-05-27 11:54:25.148788,Mumbai_Thane,627.33,4.0,COMPLETED,11
a48333c8,2026-05-27 11:41:18.148794,Mumbai_Colaba,405.37,5.0,COMPLETED,11
dfdcbd5a,2026-05-27 12:08:51.148800,Mumbai_Thane,757.24,5.0,CANCELLED,12
4bd379ae,2026-05-27 11:58:44.148813,Mumbai_Colaba,800.83,4.0,COMPLETED,11
286f140b,2026-05-27 12:13:09.148819,Mumbai_Andheri,495.61,4.0,COMPLETED,12
4dd91c02,2026-05-27 11:38:05.148825,Mumbai_Bandra,1333.07,4.0,COMPLETED,11
360893ac,2026-05-27 11:42:41.148831,Mumbai_Andheri,691.66,5.0,COMPLETED,11
ea53717f,2026-05-27 12:22:13.148838,Mumbai_Andheri,269.1,5.0,CANCELLED,12
ed6cd712,2026-05-27 11:31:38.148844,Mumbai_Colaba,561.93,4.0,CANCELLED,11
be2ac238,2026-05-27 11:29:12.148850,Mumbai_Thane,953.95,5.0,COMPLETED,11
4cd75d55,2026-05-27 12:01:00.148856,Mumbai_Colaba,1093.91,5.0,COMPLETED,12
e8b851c6,2026-05-27 12:02:36.148863,Mumbai_Colaba,452.22,5.0,COMPLETED,12
261f5a1c,2026-05-27 12:09:07.148869,Mumbai_Bandra,713.85,4.0,CANCELLED,12
8cd4df8e,2026-05-27 11:59:06.148875,Mumbai_Bandra,456.22,4.0,COMPLETED,11
3e0788c1,2026-05-27 11:45:44.148881,Mumbai_Thane,801.64,4.0,COMPLETED,11
6de515a7,2026-05-27 12:17:23.148888,Mumbai_Andheri,1161.99,4.0,CANCELLED,12
c616354a,2026-05-27 12:01:21.148894,Mumbai_Bandra,627.77,4.0,CANCELLED,12
1289a7cb,2026-05-27 11:33:10.148900,Mumbai_Colaba,890.09,5.0,COMPLETED,11
cfd88fc7,2026-05-27 11:45:43.148906,Mumbai_Andheri,935.19,4.0,CANCELLED,11
20e1a2d1,2026-05-27 11:28:47.148912,Mumbai_Bandra,773.27,5.0,COMPLETED,11
ba7a6eed,2026-05-27 12:10:56.148919,Mumbai_Bandra,354.64,5.0,COMPLETED,12
490b866a,2026-05-27 11:44:34.148925,Mumbai_Andheri,295.87,2.0,COMPLETED,11
493b1aa4,2026-05-27 11:27:26.148931,Mumbai_Bandra,867.07,3.0,CANCELLED,11
ff62bb23,2026-05-27 11:30:52.148937,Mumbai_Andheri,570.05,5.0,COMPLETED,11
6b176299,2026-05-27 11:53:01.148944,Mumbai_Bandra,1350.48,4.0,COMPLETED,11
0fdd7d62,2026-05-27 12:18:55.148950,Mumbai_Andheri,808.51,1.0,COMPLETED,12
16b64379,2026-05-27 12:10:24.148956,Mumbai_Bandra,1025.73,3.0,COMPLETED,12
074999e4,2026-05-27 12:14:27.148962,Mumbai_Bandra,414.88,3.0,CANCELLED,12
386948da,2026-05-27 11:45:08.148969,Mumbai_Thane,861.89,2.0,COMPLETED,11
ecf8fc3d,2026-05-27 12:22:50.148975,Mumbai_Thane,714.99,4.0,CANCELLED,12
d1cbd1c7,2026-05-27 12:16:50.148981,Mumbai_Andheri,903.78,1.0,COMPLETED,12
3b814de8,2026-05-27 11:26:23.148987,Mumbai_Thane,249.6,4.0,COMPLETED,11
66dde4d8,2026-05-27 12:09:45.148993,Mumbai_Andheri,1454.82,4.0,COMPLETED,12
4b956fea,2026-05-27 11:29:38.149000,Mumbai_Andheri,1383.45,4.0,COMPLETED,11
556c148a,2026-05-27 12:07:28.149006,Mumbai_Bandra,898.48,4.0,COMPLETED,12
a6d1938c,2026-05-27 11:35:05.149012,Mumbai_Thane,1206.52,5.0,COMPLETED,11
083edf37,2026-05-27 12:21:53.149018,Mumbai_Thane,856.76,3.0,COMPLETED,12
41e103bc,2026-05-27 12:21:33.149025,Mumbai_Andheri,1315.6,5.0,CANCELLED,12
66cb5333,2026-05-27 11:30:47.149031,Mumbai_Bandra,1421.37,4.0,COMPLETED,11
0b383947,2026-05-27 11:46:31.149037,Mumbai_Thane,735.43,5.0,COMPLETED,11
1ba8ae98,2026-05-27 11:49:09.149043,Mumbai_Andheri,997.15,2.0,NO_DRIVER_AVAILABLE,11
3644c691,2026-05-27 11:50:14.149049,Mumbai_Thane,690.13,4.0,CANCELLED,11
ac7ddbf5,2026-05-27 11:50:16.149056,Mumbai_Andheri,1237.5,1.0,COMPLETED,11
562bb210,2026-05-27 12:19:21.149062,Mumbai_Andheri,283.46,5.0,NO_DRIVER_AVAILABLE,12
3b07de67,2026-05-27 12:12:55.149068,Mumbai_Colaba,334.58,5.0,CANCELLED,12
dc0b0682,2026-05-27 12:07:56.149075,Mumbai_Thane,1072.09,5.0,COMPLETED,12
b8bb31d0,2026-05-27 12:07:14.149081,Mumbai_Colaba,550.06,4.0,CANCELLED,12
d6d54141,2026-05-27 12:03:59.149087,Mumbai_Colaba,771.93,2.0,COMPLETED,12
29802467,2026-05-27 12:06:33.149094,Mumbai_Andheri,212.29,4.0,COMPLETED,12
4595986a,2026-05-27 12:00:12.149100,Mumbai_Andheri,1497.46,4.0,COMPLETED,12
895dcae5,2026-05-27 11:49:50.149106,Mumbai_Thane,751.71,4.0,NO_DRIVER_AVAILABLE,11
4f8332ba,2026-05-27 12:08:49.149112,Mumbai_Thane,1286.99,4.0,COMPLETED,12
8ee6e782,2026-05-27 11:33:54.149119,Mumbai_Thane,1354.47,4.0,CANCELLED,11
0a70c95f,2026-05-27 11:28:22.149125,Mumbai_Andheri,1164.75,4.0,COMPLETED,11
8dbfb690,2026-05-27 12:13:55.149131,Mumbai_Thane,140.67,4.0,COMPLETED,12
d14956a9,2026-05-27 12:11:08.149137,Mumbai_Andheri,789.62,5.0,CANCELLED,12
3d1bbefd,2026-05-27 11:49:01.149143,Mumbai_Colaba,1222.04,5.0,COMPLETED,11
b08b2476,2026-05-27 11:45:56.149150,Mumbai_Andheri,1200.46,5.0,CANCELLED,11
68584117,2026-05-27 11:51:14.149156,Mumbai_Colaba,487.33,4.0,COMPLETED,11
b3701120,2026-05-27 11:50:19.149162,Mumbai_Bandra,1391.93,5.0,COMPLETED,11
6ff1a5d4,2026-05-27 12:10:01.149168,Mumbai_Colaba,1084.62,4.0,COMPLETED,12
6bc364e4,2026-05-27 11:39:07.149175,Mumbai_Thane,856.59,4.0,COMPLETED,11
6906f326,2026-05-27 12:02:15.149181,Mumbai_Andheri,1169.88,4.0,CANCELLED,12
124f0bc2,2026-05-27 12:03:03.149187,Mumbai_Andheri,348.54,4.0,CANCELLED,12
90bf9c5a,2026-05-27 11:41:19.149193,Mumbai_Bandra,1386.18,4.0,COMPLETED,11
12e7b774,2026-05-27 11:54:12.149200,Mumbai_Colaba,214.24,3.0,COMPLETED,11
ded8cf01,2026-05-27 12:14:18.149206,Mumbai_Thane,601.0,5.0,COMPLETED,12
c8e5ec8e,2026-05-27 11:34:10.149212,Mumbai_Bandra,255.8,2.0,CANCELLED,11
d84e1ec8,2026-05-27 11:31:39.149219,Mumbai_Andheri,597.76,1.0,COMPLETED,11
b274ab79,2026-05-27 11:50:30.149225,Mumbai_Bandra,331.2,4.0,CANCELLED,11
0ea5da95,2026-05-27 12:05:50.149231,Mumbai_Colaba,1430.45,4.0,COMPLETED,12
eebc6537,2026-05-27 12:25:11.149238,Mumbai_Thane,1457.74,5.0,COMPLETED,12
3dee55de,2026-05-27 11:29:04.149247,Mumbai_Thane,675.22,5.0,COMPLETED,11
5ae788c1,2026-05-27 12:08:05.149254,Mumbai_Colaba,199.44,3.0,COMPLETED,12
f1fa396a,2026-05-27 11:35:36.149260,Mumbai_Colaba,1316.54,4.0,CANCELLED,11
a3973adb,2026-05-27 11:44:11.149267,Mumbai_Colaba,391.35,4.0,NO_DRIVER_AVAILABLE,11
aa123826,2026-05-27 12:00:22.149273,Mumbai_Thane,672.15,4.0,COMPLETED,12
5df4f577,2026-05-27 12:18:53.149279,Mumbai_Bandra,1398.44,4.0,COMPLETED,12
295792bf,2026-05-27 12:10:36.149286,Mumbai_Bandra,1106.88,4.0,COMPLETED,12
ca0fbc4e,2026-05-27 11:40:22.149292,Mumbai_Thane,251.33,3.0,NO_DRIVER_AVAILABLE,11
106c9405,2026-05-27 11:39:02.149298,Mumbai_Colaba,143.97,5.0,CANCELLED,11
c12bcb89,2026-05-27 11:29:15.149304,Mumbai_Colaba,1458.07,4.0,CANCELLED,11
7c59afc1,2026-05-27 11:53:46.149310,Mumbai_Thane,374.75,3.0,NO_DRIVER_AVAILABLE,11
dda36928,2026-05-27 11:32:47.149317,Mumbai_Thane,373.36,5.0,COMPLETED,11
4d6034d4,2026-05-27 12:13:30.149323,Mumbai_Bandra,1388.31,4.0,COMPLETED,12
4f1eadd1,2026-05-27 12:02:10.149329,Mumbai_Andheri,1139.36,4.0,CANCELLED,12
5ec27c5d,2026-05-27 12:13:57.149335,Mumbai_Thane,1161.68,5.0,COMPLETED,12
e9e2490d,2026-05-27 11:52:49.149341,Mumbai_Thane,190.22,5.0,COMPLETED,11
d5a98939,2026-05-27 11:26:12.149348,Mumbai_Thane,832.84,4.0,CANCELLED,11
0d6af496,2026-05-27 12:14:04.149354,Mumbai_Colaba,1426.45,5.0,NO_DRIVER_AVAILABLE,12
4021ef51,2026-05-27 12:04:35.149360,Mumbai_Andheri,1275.86,5.0,COMPLETED,12
f1e4c6cf,2026-05-27 12:20:30.149366,Mumbai_Thane,164.01,4.0,CANCELLED,12
2982fe01,2026-05-27 12:22:13.149372,Mumbai_Thane,633.29,4.0,COMPLETED,12
38f87c97,2026-05-27 11:32:03.149379,Mumbai_Colaba,1399.29,4.0,COMPLETED,11
75ac4f5f,2026-05-27 11:57:25.149385,Mumbai_Colaba,1394.45,3.0,COMPLETED,11
3ce00fa7,2026-05-27 11:31:19.149391,Mumbai_Colaba,988.87,3.0,COMPLETED,11
cde25b93,2026-05-27 12:25:12.149397,Mumbai_Andheri,179.66,5.0,CANCELLED,12
e1b656c3,2026-05-27 11:49:10.149403,Mumbai_Bandra,1181.82,5.0,COMPLETED,11
d0943136,2026-05-27 12:06:51.149410,Mumbai_Bandra,190.94,2.0,COMPLETED,12
a00c1c80,2026-05-27 12:10:58.149416,Mumbai_Andheri,753.79,5.0,CANCELLED,12
1c050e18,2026-05-27 12:03:19.149422,Mumbai_Thane,1092.36,4.0,CANCELLED,12
83fa08db,2026-05-27 12:20:44.149428,Mumbai_Bandra,1111.58,5.0,COMPLETED,12
52dbd610,2026-05-27 11:32:13.149434,Mumbai_Andheri,1253.08,4.0,COMPLETED,11
bb29bbf7,2026-05-27 12:21:24.149440,Mumbai_Colaba,346.47,4.0,COMPLETED,12
68a4b5d3,2026-05-27 12:10:19.149447,Mumbai_Andheri,801.28,4.0,COMPLETED,12
36188a93,2026-05-27 11:52:54.149453,Mumbai_Andheri,1148.36,4.0,COMPLETED,11
80b6a530,2026-05-27 11:36:35.149459,Mumbai_Thane,1468.78,5.0,COMPLETED,11
b5161814,2026-05-27 12:05:25.149465,Mumbai_Bandra,886.45,3.0,CANCELLED,12
1897c36a,2026-05-27 11:32:19.149472,Mumbai_Andheri,748.5,4.0,COMPLETED,11
8e247e07,2026-05-27 11:40:18.149478,Mumbai_Bandra,1326.45,4.0,CANCELLED,11
213256a2,2026-05-27 11:37:25.149484,Mumbai_Colaba,1014.59,4.0,NO_DRIVER_AVAILABLE,11
a337bedd,2026-05-27 12:23:27.149490,Mumbai_Bandra,570.48,4.0,NO_DRIVER_AVAILABLE,12
9f2248a7,2026-05-27 11:30:32.149496,Mumbai_Colaba,195.75,4.0,COMPLETED,11
5b4635d1,2026-05-27 12:03:02.149503,Mumbai_Andheri,664.77,4.0,COMPLETED,12
a2cc24a5,2026-05-27 11:31:36.149509,Mumbai_Bandra,880.94,1.0,COMPLETED,11
f9033f95,2026-05-27 11:34:40.149515,Mumbai_Bandra,542.96,2.0,CANCELLED,11
e63c1a78,2026-05-27 12:10:26.149521,Mumbai_Andheri,1298.58,5.0,COMPLETED,12
d1163c58,2026-05-27 11:44:51.149528,Mumbai_Colaba,836.32,3.0,COMPLETED,11
1999518f,2026-05-27 12:25:01.149534,Mumbai_Bandra,252.34,5.0,CANCELLED,12
8c0aebe4,2026-05-27 12:08:42.149540,Mumbai_Thane,869.91,4.0,COMPLETED,12
67169669,2026-05-27 12:14:20.149546,Mumbai_Thane,546.66,4.0,NO_DRIVER_AVAILABLE,12
5d28c654,2026-05-27 11:39:54.149552,Mumbai_Thane,690.78,4.0,COMPLETED,11
5ebf68cd,2026-05-27 11:46:23.149559,Mumbai_Andheri,742.71,5.0,COMPLETED,11
3f22dab7,2026-05-27 12:08:12.149565,Mumbai_Thane,1233.42,4.0,COMPLETED,12
bf5b57f0,2026-05-27 12:11:44.149571,Mumbai_Andheri,148.37,4.0,COMPLETED,12
65dc0499,2026-05-27 11:53:27.149577,Mumbai_Colaba,1042.61,5.0,CANCELLED,11
24461ebc,2026-05-27 11:31:39.149583,Mumbai_Bandra,683.13,5.0,COMPLETED,11
1007683c,2026-05-27 11:40:59.149589,Mumbai_Bandra,1300.14,4.0,COMPLETED,11
b668c4b0,2026-05-27 12:14:02.149596,Mumbai_Colaba,907.86,5.0,COMPLETED,12
4a7e9670,2026-05-27 11:51:25.149602,Mumbai_Bandra,471.84,4.0,COMPLETED,11
b855609f,2026-05-27 11:31:06.149608,Mumbai_Thane,1319.3,5.0,NO_DRIVER_AVAILABLE,11
a8b8e58c,2026-05-27 11:39:38.149614,Mumbai_Bandra,1455.61,4.0,COMPLETED,11
dd7f85a9,2026-05-27 12:11:37.149627,Mumbai_Bandra,514.25,5.0,COMPLETED,12
624abe91,2026-05-27 12:09:44.149633,Mumbai_Andheri,1382.22,3.0,CANCELLED,12
11e64bf4,2026-05-27 12:17:40.149639,Mumbai_Colaba,769.37,4.0,CANCELLED,12
4907b292,2026-05-27 11:54:23.149645,Mumbai_Bandra,614.27,4.0,COMPLETED,11
e1834379,2026-05-27 11:38:51.149651,Mumbai_Colaba,205.36,5.0,COMPLETED,11
3691637c,2026-05-27 11:56:35.149657,Mumbai_Andheri,1242.89,3.0,COMPLETED,11
f92922a9,2026-05-27 12:22:38.149663,Mumbai_Bandra,901.42,4.0,COMPLETED,12
de41837c,2026-05-27 11:44:59.149670,Mumbai_Andheri,1281.55,5.0,COMPLETED,11
eb5c6e3c,2026-05-27 12:15:14.149676,Mumbai_Thane,353.22,4.0,CANCELLED,12
1076aa12,2026-05-27 11:40:52.149682,Mumbai_Bandra,488.61,5.0,COMPLETED,11
9c44c85a,2026-05-27 12:24:31.149688,Mumbai_Thane,941.33,3.0,COMPLETED,12
919b7f9c,2026-05-27 11:51:54.149694,Mumbai_Andheri,1362.57,5.0,COMPLETED,11
006b154b,2026-05-27 12:09:40.149700,Mumbai_Thane,160.84,4.0,COMPLETED,12
f0f7ba81,2026-05-27 12:23:34.149707,Mumbai_Colaba,744.03,3.0,COMPLETED,12
c05a502d,2026-05-27 11:44:11.149713,Mumbai_Thane,122.19,4.0,COMPLETED,11
c8d89206,2026-05-27 12:18:21.149719,Mumbai_Thane,226.39,3.0,COMPLETED,12
a9be9aa7,2026-05-27 12:22:56.149726,Mumbai_Thane,649.06,5.0,CANCELLED,12
52d0ebb6,2026-05-27 12:06:03.149732,Mumbai_Bandra,411.01,4.0,COMPLETED,12
d248258a,2026-05-27 11:41:08.149738,Mumbai_Colaba,1028.16,5.0,COMPLETED,11
0153ddde,2026-05-27 11:37:39.149744,Mumbai_Thane,554.17,3.0,COMPLETED,11
f328563a,2026-05-27 12:06:35.149750,Mumbai_Bandra,543.13,5.0,COMPLETED,12
6defd9ce,2026-05-27 11:29:50.149756,Mumbai_Bandra,258.94,4.0,COMPLETED,11
c8710756,2026-05-27 11:32:04.149762,Mumbai_Andheri,568.42,5.0,COMPLETED,11
f799d031,2026-05-27 11:39:06.149778,Mumbai_Thane,1472.77,4.0,COMPLETED,11
fabb04c4,2026-05-27 11:45:24.149785,Mumbai_Colaba,471.03,5.0,COMPLETED,11
bb53fa78,2026-05-27 11:56:26.149791,Mumbai_Andheri,111.85,5.0,COMPLETED,11
0604e4ef,2026-05-27 11:37:56.149797,Mumbai_Bandra,564.85,1.0,COMPLETED,11
6a27c89d,2026-05-27 11:48:45.149804,Mumbai_Bandra,295.53,5.0,NO_DRIVER_AVAILABLE,11
6a50b318,2026-05-27 11:59:54.149810,Mumbai_Andheri,732.57,5.0,CANCELLED,11
392f4134,2026-05-27 11:53:48.149816,Mumbai_Colaba,751.54,5.0,NO_DRIVER_AVAILABLE,11
312695ed,2026-05-27 12:18:24.149822,Mumbai_Bandra,111.71,4.0,COMPLETED,12
350e9c62,2026-05-27 12:11:00.149829,Mumbai_Andheri,263.62,2.0,COMPLETED,12
22143da1,2026-05-27 12:12:17.149835,Mumbai_Colaba,218.35,4.0,COMPLETED,12
8cdf3de2,2026-05-27 12:13:12.149841,Mumbai_Colaba,1009.43,4.0,COMPLETED,12
7cf145eb,2026-05-27 12:08:54.149847,Mumbai_Thane,175.46,3.0,NO_DRIVER_AVAILABLE,12
b3a80caa,2026-05-27 11:50:34.149853,Mumbai_Bandra,613.33,3.0,CANCELLED,11
dac447a6,2026-05-27 11:50:47.149860,Mumbai_Thane,909.3,5.0,COMPLETED,11
fdf013e9,2026-05-27 11:35:49.149866,Mumbai_Colaba,551.34,5.0,COMPLETED,11
573ea614,2026-05-27 11:33:03.149872,Mumbai_Colaba,1493.91,3.0,COMPLETED,11
69c0f366,2026-05-27 11:39:46.149878,Mumbai_Bandra,1400.92,5.0,COMPLETED,11
79fabcdb,2026-05-27 11:45:42.149885,Mumbai_Colaba,309.3,4.0,COMPLETED,11
3d5bd0fe,2026-05-27 12:23:48.149891,Mumbai_Andheri,936.51,4.0,CANCELLED,12
5b62fe6f,2026-05-27 11:54:40.149897,Mumbai_Thane,932.9,4.0,CANCELLED,11
169305f5,2026-05-27 12:08:20.149903,Mumbai_Colaba,1346.91,4.0,NO_DRIVER_AVAILABLE,12
71c45bd4,2026-05-27 11:33:25.149910,Mumbai_Colaba,1136.65,5.0,CANCELLED,11
89ffc8d3,2026-05-27 12:06:34.149916,Mumbai_Thane,851.5,4.0,COMPLETED,12
a87dbfe3,2026-05-27 11:31:01.149922,Mumbai_Colaba,1212.92,4.0,COMPLETED,11
5bfe591d,2026-05-27 12:25:09.149928,Mumbai_Andheri,1492.24,3.0,COMPLETED,12
01645310,2026-05-27 11:45:27.149934,Mumbai_Thane,997.12,4.0,COMPLETED,11
f235df8b,2026-05-27 11:29:00.149941,Mumbai_Bandra,484.26,4.0,COMPLETED,11
8c9dc22d,2026-05-27 12:05:57.149947,Mumbai_Colaba,1302.86,5.0,NO_DRIVER_AVAILABLE,12
491f7a27,2026-05-27 11:29:57.149953,Mumbai_Thane,1425.25,4.0,COMPLETED,11
023aa704,2026-05-27 11:47:32.149959,Mumbai_Bandra,1486.59,4.0,COMPLETED,11
7d1507d5,2026-05-27 11:47:02.149966,Mumbai_Andheri,1227.77,4.0,COMPLETED,11
156b02f4,2026-05-27 12:16:23.149972,Mumbai_Bandra,1134.83,5.0,COMPLETED,12
8be0f860,2026-05-27 11:29:44.149978,Mumbai_Thane,434.7,5.0,COMPLETED,11
a821f7cd,2026-05-27 12:04:21.149984,Mumbai_Colaba,305.52,4.0,NO_DRIVER_AVAILABLE,12
36f03d53,2026-05-27 12:25:43.149990,Mumbai_Bandra,636.41,5.0,CANCELLED,12
5a3f6c03,2026-05-27 12:14:01.149997,Mumbai_Bandra,697.7,5.0,COMPLETED,12
b9079b1c,2026-05-27 12:23:31.150003,Mumbai_Thane,1424.46,1.0,COMPLETED,12
d11bc86d,2026-05-27 11:26:39.150009,Mumbai_Thane,1276.81,4.0,CANCELLED,11
7cc8b8ed,2026-05-27 12:14:20.150015,Mumbai_Andheri,169.77,5.0,CANCELLED,12
fb8ea95b,2026-05-27 11:46:35.150021,Mumbai_Andheri,1389.98,4.0,CANCELLED,11
335ce1e1,2026-05-27 12:12:45.150028,Mumbai_Colaba,1353.49,5.0,COMPLETED,12
1961a13c,2026-05-27 12:24:38.150034,Mumbai_Andheri,120.22,5.0,COMPLETED,12
3d26baed,2026-05-27 12:19:49.150040,Mumbai_Bandra,795.36,3.0,COMPLETED,12
4716c3de,2026-05-27 11:54:25.150046,Mumbai_Thane,391.1,4.0,CANCELLED,11
e3702e68,2026-05-27 11:44:32.150053,Mumbai_Colaba,199.53,5.0,COMPLETED,11
91e434f1,2026-05-27 12:07:39.150059,Mumbai_Andheri,877.06,5.0,COMPLETED,12
ef7c3f06,2026-05-27 11:47:40.150065,Mumbai_Thane,817.18,5.0,COMPLETED,11
d986ee9a,2026-05-27 11:34:49.150071,Mumbai_Bandra,1348.8,5.0,NO_DRIVER_AVAILABLE,11
05251d15,2026-05-27 12:15:12.150078,Mumbai_Thane,479.98,3.0,COMPLETED,12
58bf30aa,2026-05-27 11:40:27.150084,Mumbai_Colaba,532.41,3.0,COMPLETED,11
ec01668c,2026-05-27 12:10:14.150090,Mumbai_Andheri,189.38,4.0,COMPLETED,12
0a0a8650,2026-05-27 11:34:55.150096,Mumbai_Andheri,824.65,5.0,COMPLETED,11
cbfc8416,2026-05-27 12:22:57.150103,Mumbai_Andheri,932.19,4.0,COMPLETED,12
7d1503bf,2026-05-27 11:49:58.150109,Mumbai_Bandra,732.86,5.0,CANCELLED,11
0397ffc7,2026-05-27 11:49:28.150115,Mumbai_Bandra,1042.42,5.0,COMPLETED,11
bb4f16fe,2026-05-27 12:15:03.150121,Mumbai_Thane,991.36,4.0,COMPLETED,12
e0a05c4e,2026-05-27 12:16:30.150127,Mumbai_Bandra,1283.32,4.0,CANCELLED,12
52529ca5,2026-05-27 12:21:28.150134,Mumbai_Thane,404.47,5.0,COMPLETED,12
4db9a545,2026-05-27 11:52:21.150140,Mumbai_Andheri,607.2,5.0,COMPLETED,11
0229c07e,2026-05-27 12:10:58.150146,Mumbai_Colaba,758.9,4.0,COMPLETED,12
beecc85f,2026-05-27 12:15:29.150152,Mumbai_Bandra,768.56,4.0,COMPLETED,12
1958a595,2026-05-27 12:23:40.150158,Mumbai_Bandra,1030.29,5.0,COMPLETED,12
8e62a5f5,2026-05-27 12:13:03.150165,Mumbai_Bandra,401.64,5.0,COMPLETED,12
53410bc1,2026-05-27 12:22:48.150171,Mumbai_Colaba,1398.83,2.0,CANCELLED,12
79384c98,2026-05-27 11:58:34.150177,Mumbai_Andheri,766.64,4.0,COMPLETED,11
65e9727d,2026-05-27 12:23:38.150183,Mumbai_Colaba,527.03,5.0,CANCELLED,12
b36c4ccf,2026-05-27 12:13:24.150189,Mumbai_Thane,1149.14,4.0,COMPLETED,12
1aeb14da,2026-05-27 11:48:13.150195,Mumbai_Colaba,791.98,3.0,COMPLETED,11
def2a93f,2026-05-27 12:21:42.150202,Mumbai_Andheri,688.95,5.0,COMPLETED,12
a6575fbf,2026-05-27 11:39:40.150208,Mumbai_Colaba,802.62,5.0,COMPLETED,11
8c26a8bc,2026-05-27 12:02:00.150214,Mumbai_Thane,1444.47,5.0,COMPLETED,12
b58f3739,2026-05-27 11:59:24.150220,Mumbai_Thane,126.03,5.0,COMPLETED,11
50a9414e,2026-05-27 12:02:38.150226,Mumbai_Colaba,947.48,5.0,COMPLETED,12
483be202,2026-05-27 11:57:04.150232,Mumbai_Andheri,170.43,4.0,COMPLETED,11
31b98572,2026-05-27 12:06:34.150239,Mumbai_Bandra,1187.59,5.0,CANCELLED,12
30b16d79,2026-05-27 12:02:20.150245,Mumbai_Colaba,769.98,5.0,COMPLETED,12
1308bfba,2026-05-27 11:58:39.150251,Mumbai_Thane,690.04,3.0,CANCELLED,11
f91678eb,2026-05-27 12:13:22.150257,Mumbai_Bandra,511.55,5.0,COMPLETED,12
62cf2cd2,2026-05-27 11:51:15.150264,Mumbai_Colaba,208.72,4.0,COMPLETED,11
ddd0e224,2026-05-27 12:19:43.150270,Mumbai_Colaba,281.37,5.0,CANCELLED,12
6146d447,2026-05-27 11:50:33.150276,Mumbai_Colaba,352.59,5.0,COMPLETED,11
17b14f46,2026-05-27 12:05:13.150282,Mumbai_Andheri,332.93,2.0,CANCELLED,12
08081e91,2026-05-27 11:55:48.150289,Mumbai_Thane,1463.2,4.0,COMPLETED,11
ae6cfd0f,2026-05-27 11:43:02.150295,Mumbai_Colaba,1107.47,5.0,COMPLETED,11
57e9ac4b,2026-05-27 12:19:11.150304,Mumbai_Andheri,1099.13,5.0,COMPLETED,12
4d7b6268,2026-05-27 12:17:15.150311,Mumbai_Colaba,253.11,1.0,COMPLETED,12
cc657719,2026-05-27 12:07:30.150318,Mumbai_Thane,1446.33,5.0,CANCELLED,12
42a00047,2026-05-27 12:12:31.150324,Mumbai_Bandra,1415.27,4.0,COMPLETED,12
bae5a706,2026-05-27 12:06:44.150330,Mumbai_Thane,1346.38,4.0,COMPLETED,12
9e582d84,2026-05-27 12:10:16.150336,Mumbai_Andheri,1102.01,1.0,COMPLETED,12
dd6c6d11,2026-05-27 11:55:44.150343,Mumbai_Colaba,434.03,4.0,COMPLETED,11
c8721e7a,2026-05-27 11:50:15.150349,Mumbai_Bandra,1052.33,3.0,COMPLETED,11
43d7b6bb,2026-05-27 11:34:46.150355,Mumbai_Andheri,1074.63,5.0,COMPLETED,11
feeae2ca,2026-05-27 12:22:27.150362,Mumbai_Bandra,745.19,5.0,CANCELLED,12
1995bd69,2026-05-27 12:23:21.150374,Mumbai_Bandra,1362.85,4.0,NO_DRIVER_AVAILABLE,12
ae80e09e,2026-05-27 11:57:42.150380,Mumbai_Bandra,999.79,5.0,COMPLETED,11
40ebbc86,2026-05-27 12:02:34.150386,Mumbai_Thane,729.18,3.0,COMPLETED,12
79061c4c,2026-05-27 11:41:15.150393,Mumbai_Bandra,1116.63,5.0,COMPLETED,11
0f27fc06,2026-05-27 12:12:06.150399,Mumbai_Andheri,351.6,4.0,COMPLETED,12
36cdc306,2026-05-27 11:37:46.150405,Mumbai_Bandra,441.64,5.0,COMPLETED,11
d42dad14,2026-05-27 12:04:01.150412,Mumbai_Andheri,365.04,1.0,COMPLETED,12
641d76ab,2026-05-27 12:19:49.150424,Mumbai_Colaba,773.71,4.0,COMPLETED,12
ec906def,2026-05-27 12:12:03.150431,Mumbai_Colaba,125.27,5.0,CANCELLED,12
55649bfb,2026-05-27 12:09:04.150437,Mumbai_Bandra,627.55,5.0,COMPLETED,12
6d6cfea0,2026-05-27 11:49:12.150443,Mumbai_Thane,1404.99,5.0,COMPLETED,11
9310ba09,2026-05-27 12:07:00.150449,Mumbai_Bandra,1272.66,3.0,COMPLETED,12
76019c33,2026-05-27 11:49:41.150455,Mumbai_Thane,1488.99,5.0,COMPLETED,11
0075dc5c,2026-05-27 11:42:38.150461,Mumbai_Andheri,1056.99,4.0,COMPLETED,11
fbbce44c,2026-05-27 12:18:50.150468,Mumbai_Colaba,975.93,3.0,CANCELLED,12
d863d375,2026-05-27 12:17:32.150474,Mumbai_Thane,171.63,5.0,COMPLETED,12
3a5fde41,2026-05-27 11:27:39.150480,Mumbai_Colaba,147.89,2.0,COMPLETED,11
33396733,2026-05-27 11:33:50.150486,Mumbai_Andheri,706.79,4.0,CANCELLED,11
e2cc3b1e,2026-05-27 11:30:16.150492,Mumbai_Bandra,1266.64,4.0,COMPLETED,11
15310df2,2026-05-27 12:16:27.150499,Mumbai_Thane,176.9,4.0,CANCELLED,12
98840c55,2026-05-27 11:46:48.150505,Mumbai_Bandra,1182.66,5.0,COMPLETED,11
302e0c60,2026-05-27 12:25:09.150511,Mumbai_Bandra,1283.52,4.0,COMPLETED,12
ab871636,2026-05-27 11:53:17.150517,Mumbai_Colaba,392.49,5.0,COMPLETED,11
7c860cc2,2026-05-27 12:03:48.150523,Mumbai_Andheri,335.28,3.0,COMPLETED,12
c5a7a445,2026-05-27 11:46:04.150530,Mumbai_Andheri,1015.08,1.0,NO_DRIVER_AVAILABLE,11
0b85ad8f,2026-05-27 12:00:16.150536,Mumbai_Andheri,859.31,3.0,COMPLETED,12
7b8b7a9a,2026-05-27 12:07:37.150542,Mumbai_Thane,1229.26,3.0,COMPLETED,12
1f999fec,2026-05-27 11:53:31.150548,Mumbai_Thane,303.96,4.0,NO_DRIVER_AVAILABLE,11
d2a5b274,2026-05-27 12:17:15.150555,Mumbai_Andheri,1133.1,1.0,COMPLETED,12
658d1136,2026-05-27 12:04:32.150561,Mumbai_Andheri,1118.46,5.0,COMPLETED,12
e6f5c303,2026-05-27 11:56:49.150567,Mumbai_Thane,619.41,5.0,COMPLETED,11
4cf57bf2,2026-05-27 12:24:50.150573,Mumbai_Bandra,364.9,5.0,CANCELLED,12
